chrom	start	end	ins1	ins2
chr2L	9000	20000	0.413113023	0.746138683
chr2L	20000	61000	0.746138683	0.764431428
chr2L	61000	108000	0.764431428	0.68600903
chr2L	108000	142000	0.68600903	0.697952517
chr2L	207000	249000	0.560813224	0.770268247
chr2L	249000	300000	0.770268247	0.751156737
chr2L	403000	452000	0.748476093	0.673118458
chr2L	452000	472000	0.673118458	0.73872828
chr2L	489000	541000	0.778576248	0.756145438
chr2L	541000	589000	0.756145438	0.733858253
chr2L	589000	603000	0.733858253	0.812429515
chr2L	603000	685000	0.812429515	0.621680506
chr2L	699000	739000	0.654154138	0.76371561
chr2L	739000	804000	0.76371561	0.784501342
chr2L	804000	851000	0.784501342	0.721665886
chr2L	871000	977000	0.827110675	0.704965591
chr2L	1009000	1048000	0.644726702	0.762300121
chr2L	1048000	1082000	0.762300121	0.745758548
chr2L	1082000	1116000	0.745758548	0.677261346
chr2L	1116000	1141000	0.677261346	0.773223558
chr2L	1141000	1193000	0.773223558	0.814939067
chr2L	1193000	1249000	0.814939067	0.741207849
chr2L	1249000	1485000	0.741207849	0.775207677
chr2L	1486000	1615000	0.774738226	0.78169804
chr2L	1615000	1635000	0.78169804	0.686793408
chr2L	1640001	1684000	0.683667633	0.647088641
chr2L	1689000	1709000	0.671393284	0.718027465
chr2L	1709000	1767000	0.718027465	0.884232603
chr2L	1776000	1804000	0.759341245	0.746003024
chr2L	1811000	1864000	0.762383569	0.787850417
chr2L	1864000	1884000	0.787850417	0.704811483
chr2L	1884000	1899000	0.704811483	0.696111815
chr2L	1900001	1972000	0.696111815	0.777034123
chr2L	1987000	2053000	0.736315597	0.851681181
chr2L	2053000	2104000	0.851681181	0.643968736
chr2L	2123000	2157000	0.729059513	0.701893912
chr2L	2251000	2274000	0.788069946	0.765499281
chr2L	2317000	2351000	0.790144009	0.803795898
chr2L	2351000	2376000	0.803795898	0.785734839
chr2L	2376000	2500000	0.785734839	0.860844436
chr2L	2500000	2664000	0.860844436	0.785325137
chr2L	2664000	2723000	0.785325137	0.865988501
chr2L	2723000	2740000	0.865988501	0.768594025
chr2L	2770000	2803000	0.735378787	0.709065288
chr2L	2803000	2844000	0.709065288	0.711914088
chr2L	2844000	2857000	0.711914088	0.899749718
chr2L	2857000	2886000	0.899749718	0.855371177
chr2L	2886000	2956000	0.855371177	0.740585128
chr2L	2956000	2999000	0.740585128	0.724634407
chr2L	2999000	3041000	0.724634407	0.718922131
chr2L	3041000	3056000	0.718922131	0.683435947
chr2L	3056000	3087000	0.683435947	0.726409691
chr2L	3087000	3118000	0.726409691	0.696502432
chr2L	3118000	3143000	0.696502432	0.796355299
chr2L	3182000	3205000	0.819445317	0.704644376
chr2L	3211000	3254000	0.705254308	0.691646663
chr2L	3264000	3356000	0.71671786	0.782207332
chr2L	3356000	3444000	0.782207332	0.802875861
chr2L	3444000	3474000	0.802875861	0.795517457
chr2L	3476000	3533000	0.816129791	0.854394321
chr2L	3533000	3618000	0.854394321	0.787639487
chr2L	3632000	3650000	0.782897568	0.727719296
chr2L	3657000	3766000	0.77295036	0.749060867
chr2L	3766000	3787000	0.749060867	0.798673216
chr2L	3816000	3858000	0.792928646	0.770817585
chr2L	3858000	3890000	0.770817585	0.898511617
chr2L	3890000	4019000	0.898511617	0.75182349
chr2L	4019000	4067000	0.75182349	0.568658482
chr2L	4070000	4184000	0.571382957	0.810695331
chr2L	4184000	4232000	0.810695331	0.810225873
chr2L	4232000	4345000	0.810225873	0.814005195
chr2L	4345000	4381000	0.814005195	0.776580394
chr2L	4381000	4439000	0.776580394	0.780208123
chr2L	4465000	4539000	0.800817939	0.777581364
chr2L	4541000	4615000	0.782547629	0.726599024
chr2L	4615000	4668000	0.726599024	0.764144807
chr2L	4673000	4794000	0.772537516	0.852193198
chr2L	4811000	4888000	0.866099415	0.755740774
chr2L	4888000	4917000	0.755740774	0.695761245
chr2L	4964000	5009000	0.714906932	0.944642375
chr2L	5009000	5042000	0.944642375	0.738182926
chr2L	5055000	5093000	0.742342379	0.723113663
chr2L	5106000	5171000	0.689256414	0.617994277
chr2L	5224000	5270000	0.681391235	0.788886611
chr2L	5270000	5314000	0.788886611	0.757940013
chr2L	5326000	5365000	0.796197001	0.765216016
chr2L	5365000	5515000	0.765216016	0.860807531
chr2L	5515000	5546000	0.860807531	0.821379321
chr2L	5546000	5709000	0.821379321	0.868692206
chr2L	5709000	5819000	0.868692206	0.75243678
chr2L	5819000	5821000	0.75243678	0.743487392
chr2L	5998000	6034000	0.722170354	0.729230395
chr2L	6047000	6070000	0.725882998	0.713623116
chr2L	6070000	6101000	0.713623116	0.839798712
chr2L	6101000	6316000	0.839798712	0.874864079
chr2L	6316000	6344000	0.874864079	0.766801547
chr2L	6359000	6434000	0.812357393	0.61277704
chr2L	6455000	6481000	0.684048815	0.819813708
chr2L	6498000	6527000	0.776137356	0.767950127
chr2L	6527000	6567000	0.767950127	0.792336121
chr2L	6567000	6612000	0.792336121	0.76548146
chr2L	6612000	6647000	0.76548146	0.762367845
chr2L	6647000	6681000	0.762367845	0.754879236
chr2L	6681000	6723000	0.754879236	0.811639269
chr2L	6723000	6797000	0.811639269	0.784064597
chr2L	6797000	6844000	0.784064597	0.783358633
chr2L	6844000	6884000	0.783358633	0.668679513
chr2L	6897000	6920000	0.759172669	0.770978826
chr2L	6920000	6948000	0.770978826	0.739904745
chr2L	6971000	7029000	0.79947709	0.758185958
chr2L	7072000	7204000	0.798680765	0.791240796
chr2L	7204000	7281000	0.791240796	0.764026342
chr2L	7354000	7388000	0.652175893	0.784784608
chr2L	7437000	7496000	0.811263117	0.805015554
chr2L	7496000	7534000	0.805015554	0.840733839
chr2L	7534000	7715000	0.840733839	0.7751301
chr2L	7716000	7731000	0.772348605	0.764528295
chr2L	7736000	7769000	0.753194111	0.819194763
chr2L	7769000	7810000	0.819194763	0.733334076
chr2L	7810000	7829000	0.733334076	0.855115806
chr2L	7829000	7872000	0.855115806	0.747666136
chr2L	7887000	8000000	0.734606359	0.674698746
chr2L	8000000	8010000	0.674698746	0.67621991
chr2L	8018000	8030000	0.644986691	0.728287295
chr2L	8031000	8084000	0.727769198	0.826476634
chr2L	8084000	8127000	0.826476634	0.761445711
chr2L	8127000	8168000	0.761445711	0.769994627
chr2L	8168000	8224000	0.769994627	0.726588541
chr2L	8224000	8262000	0.726588541	0.718548078
chr2L	8262000	8301000	0.718548078	0.80682669
chr2L	8301000	8327000	0.80682669	0.760126674
chr2L	8327000	8362000	0.760126674	0.783178946
chr2L	8362000	8415000	0.783178946	0.788195957
chr2L	8415000	8458000	0.788195957	0.632846951
chr2L	8464000	8483000	0.665065831	0.692780563
chr2L	8483000	8530000	0.692780563	0.753123451
chr2L	8549000	8590000	0.764222803	0.710317653
chr2L	8596000	8729000	0.701397831	0.654973528
chr2L	8730000	8740000	0.658161575	0.801941983
chr2L	8740000	8886000	0.801941983	0.818804564
chr2L	8886000	8951000	0.818804564	0.782807618
chr2L	8951000	8982000	0.782807618	0.743385703
chr2L	8982000	9003000	0.743385703	0.738685928
chr2L	9003000	9115000	0.738685928	0.796087343
chr2L	9117000	9165000	0.795441135	0.698254443
chr2L	9167000	9185000	0.695420111	0.502596201
chr2L	9199000	9269000	0.511258125	0.807299291
chr2L	9269000	9414000	0.807299291	0.872843693
chr2L	9414000	9446000	0.872843693	0.773005292
chr2L	9446000	9469000	0.773005292	0.679570663
chr2L	9469000	9479000	0.679570663	0.783343749
chr2L	9484000	9521000	0.805176788	0.759653027
chr2L	9539000	9566000	0.754115194	0.857182945
chr2L	9566000	9627000	0.857182945	0.809919757
chr2L	9627000	9697000	0.809919757	0.831636845
chr2L	9697000	9718000	0.831636845	0.837145109
chr2L	9718000	9758000	0.837145109	0.748175007
chr2L	9758000	9793000	0.748175007	0.780881162
chr2L	9793000	9887000	0.780881162	0.836512955
chr2L	9918000	9931000	0.676106687	0.697706572
chr2L	9931000	9967000	0.697706572	0.736816501
chr2L	9967000	9970000	0.736816501	0.698988082
chr2L	9976000	10009000	0.631366463	0.784903283
chr2L	10009000	10054000	0.784903283	0.781096498
chr2L	10072000	10138000	0.848773469	0.753193064
chr2L	10168000	10200000	0.685295727	0.870714492
chr2L	10200000	10223000	0.870714492	0.742810785
chr2L	10238000	10260000	0.675585447	0.709985744
chr2L	10275000	10299000	0.705393321	0.696389209
chr2L	10299000	10355000	0.696389209	0.702590648
chr2L	10355000	10363000	0.702590648	0.685277068
chr2L	10363000	10376000	0.685277068	0.697898422
chr2L	10376000	10439000	0.697898422	0.820424273
chr2L	10439000	10478000	0.820424273	0.775760161
chr2L	10478000	10516000	0.775760161	0.779977065
chr2L	10516000	10541000	0.779977065	0.75858622
chr2L	10541000	10591000	0.75858622	0.762698915
chr2L	10600001	10716000	0.746307047	0.833375016
chr2L	10716000	10757000	0.833375016	0.793519709
chr2L	10757000	10831000	0.793519709	0.821409727
chr2L	10831000	10866000	0.821409727	0.824010904
chr2L	10866000	10946000	0.824010904	0.814652027
chr2L	10955001	11011000	0.871620051	0.814962131
chr2L	11011000	11082000	0.814962131	0.818088115
chr2L	11082000	11139000	0.818088115	0.765213919
chr2L	11139000	11168000	0.765213919	0.732326816
chr2L	11168000	11273000	0.732326816	0.801343372
chr2L	11457000	11526000	0.782364587	0.772237479
chr2L	11526000	11539000	0.772237479	0.814974922
chr2L	11541000	11715000	0.799942142	0.789462371
chr2L	11716000	11815000	0.784180966	0.83368995
chr2L	12071000	12098000	0.689613691	0.703391592
chr2L	12113000	12139000	0.796765631	0.787655215
chr2L	12139000	12144000	0.787655215	0.846093447
chr2L	12146000	12206000	0.836464527	0.72052884
chr2L	12206000	12219000	0.72052884	0.820193846
chr2L	12221000	12249000	0.819673862	0.762513776
chr2L	12256000	12350000	0.767185666	0.827445529
chr2L	12352000	12422000	0.827107113	0.815061097
chr2L	12436000	12457000	0.737557688	0.768776231
chr2L	12457000	12520000	0.768776231	0.740333942
chr2L	12520000	12546000	0.740333942	0.764198902
chr2L	12546000	12557000	0.764198902	0.707693621
chr2L	12573000	12687000	0.694512235	0.808137551
chr2L	12687000	12722000	0.808137551	0.700019662
chr2L	12722000	12803000	0.700019662	0.76875023
chr2L	12803000	12863000	0.76875023	0.796349013
chr2L	12863000	12933000	0.796349013	0.766312175
chr2L	12943000	12956000	0.77421593	0.788114187
chr2L	12956000	13034000	0.788114187	0.809237907
chr2L	13034000	13155000	0.809237907	0.921515665
chr2L	13164000	13216000	0.865173723	0.822976178
chr2L	13216000	13310000	0.822976178	0.751199931
chr2L	13310000	13357000	0.751199931	0.818059184
chr2L	13362000	13400000	0.833542331	0.756843225
chr2L	13400000	13445000	0.756843225	0.66118105
chr2L	13459000	13549000	0.645600611	0.684209212
chr2L	13550001	13555000	0.684209212	0.655746378
chr2L	13574000	13625000	0.660562518	0.722409798
chr2L	13684000	13767000	0.735869208	0.845724012
chr2L	13767000	13842000	0.845724012	0.799137424
chr2L	13842000	13853000	0.799137424	0.71783331
chr2L	13856000	13877000	0.703297031	0.681968041
chr2L	13877000	13925000	0.681968041	0.835475498
chr2L	13928000	14005000	0.821716681	0.808994896
chr2L	14007000	14035000	0.808832611	0.881162176
chr2L	14045001	14162000	0.864269201	0.788651148
chr2L	14162000	14249000	0.788651148	0.876053341
chr2L	14249000	14359000	0.876053341	0.793766701
chr2L	14364000	14468000	0.814602969	0.742199175
chr2L	14474000	14588000	0.751533098	0.820548396
chr2L	14588000	14640000	0.820548396	0.71478029
chr2L	14652000	14689000	0.695854339	0.787959863
chr2L	14711000	14736000	0.868186062	0.800334859
chr2L	14736000	14899000	0.800334859	0.885023061
chr2L	14899000	14902000	0.885023061	0.889126958
chr2L	14902000	14980000	0.889126958	0.683112006
chr2L	14986000	15000000	0.665950854	0.719740058
chr2L	15000000	15039000	0.719740058	0.718274457
chr2L	15039000	15056000	0.718274457	0.816540535
chr2L	15056000	15126000	0.816540535	0.877616011
chr2L	15126000	15246000	0.877616011	0.834856979
chr2L	15246000	15272000	0.834856979	0.891839674
chr2L	15276000	15425000	0.850052674	0.804922879
chr2L	15425000	15496000	0.804922879	0.868727011
chr2L	15496000	15588000	0.868727011	0.80735003
chr2L	15591000	15650000	0.819635489	0.549224918
chr2L	15727000	15799000	0.54198352	0.860653001
chr2L	15799000	15893000	0.860653001	0.907282992
chr2L	15901000	15931000	0.869657739	0.974692413
chr2L	15931000	16144000	0.974692413	0.814658532
chr2L	16156000	16256000	0.806561459	0.78847796
chr2L	16288000	16325000	0.855864748	0.73886268
chr2L	16325000	16351000	0.73886268	0.79847822
chr2L	16357000	16486000	0.77213935	0.839863286
chr2L	16491000	16542000	0.84956434	0.718914373
chr2L	16545001	16580000	0.718914373	0.725123779
chr2L	16584000	16675000	0.713553925	0.771015518
chr2L	16675000	16709000	0.771015518	0.554773023
chr2L	16721000	16754000	0.73776065	0.798728148
chr2L	16754000	16806000	0.798728148	0.838575282
chr2L	16806000	16844000	0.838575282	0.735499767
chr2L	16844000	16878000	0.735499767	0.789839779
chr2L	16878000	16940000	0.789839779	0.870529556
chr2L	16943000	17095000	0.868917608	0.90143715
chr2L	17100001	17140000	0.899522441	0.827821888
chr2L	17154000	17384000	0.818192537	0.778321921
chr2L	17384000	17466000	0.778321921	0.778921369
chr2L	17466000	17517000	0.778921369	0.7831909
chr2L	17517000	17545000	0.7831909	0.910334336
chr2L	17545000	17816000	0.910334336	0.823807309
chr2L	17826000	17997000	0.777033074	0.845271545
chr2L	17997000	18055000	0.845271545	0.713788127
chr2L	18063000	18105000	0.714509396	0.865853892
chr2L	18105000	18135000	0.865853892	0.793179418
chr2L	18135000	18153000	0.793179418	0.788388435
chr2L	18166000	18289000	0.82981313	0.791659508
chr2L	18289000	18329000	0.791659508	0.703038505
chr2L	18331000	18439000	0.69486574	0.820468932
chr2L	18439000	18484000	0.820468932	0.774911621
chr2L	18484000	18514000	0.774911621	0.724286773
chr2L	18514000	18583000	0.724286773	0.804423441
chr2L	18583000	18616000	0.804423441	0.728671203
chr2L	18616000	18665000	0.728671203	0.765693856
chr2L	18665000	18714000	0.765693856	0.785507137
chr2L	18714000	18815000	0.785507137	0.779823167
chr2L	18815000	18859000	0.779823167	0.863437851
chr2L	18859000	18935000	0.863437851	0.856615578
chr2L	19009000	19069000	0.758282616	0.751764784
chr2L	19069000	19115000	0.751764784	0.794186462
chr2L	19133000	19167000	0.754566618	0.773885912
chr2L	19190000	19348000	0.771284942	0.672160678
chr2L	19362000	19426000	0.749716719	0.875800057
chr2L	19454000	19539000	0.790703622	0.72666528
chr2L	19539000	19576000	0.72666528	0.828744018
chr2L	19593000	19659000	0.804259688	0.598852789
chr2L	19671000	19709000	0.629507942	0.677800202
chr2L	19714000	19723000	0.704918626	0.693328014
chr2L	19723000	19803000	0.693328014	0.873954108
chr2L	19803000	19888000	0.873954108	0.756386562
chr2L	19888000	19959000	0.756386562	0.746059846
chr2L	19959000	20055000	0.746059846	0.755157259
chr2L	20056000	20111000	0.748429547	0.795629421
chr2L	20121000	20150000	0.818455882	0.623723331
chr2L	20222000	20279000	0.778269294	0.720552532
chr2L	20279000	20307000	0.720552532	0.635049967
chr2L	20314000	20341000	0.661571874	0.795685402
chr2L	20341000	20395000	0.795685402	0.840564425
chr2L	20395000	20400000	0.840564425	0.764053599
chr2L	20406000	20446000	0.758552671	0.713043586
chr2L	20458000	20630000	0.69197878	0.840341972
chr2L	20747000	20757000	0.635084348	0.670900138
chr2L	20757000	20797000	0.670900138	0.829284342
chr2L	20797000	20825000	0.829284342	0.674753891
chr2L	20825000	20886000	0.674753891	0.712780658
chr2L	20886000	20922000	0.712780658	0.747663408
chr2L	20922000	21042000	0.747663408	0.653238713
chr2L	21047000	21142000	0.657246155	0.756670874
chr2L	21142000	21180000	0.756670874	0.733671647
chr2L	21180000	21214000	0.733671647	0.768435093
chr2L	21262000	21354000	0.771511388	0.631792936
chr2L	21354000	21404000	0.631792936	0.503417678
chr2L	21570001	21602000	0.544107484	0.63678059
chr2L	21684000	21696000	0.862681786	0.797594037
chr2L	21696000	21763000	0.797594037	0.765230272
chr2L	21763000	21899000	0.765230272	0.868096119
chr2L	21899000	21980000	0.868096119	0.717759086
chr2R	5789000	5957000	0.804702726	0.81759162
chr2R	5957000	5981000	0.81759162	0.828213967
chr2R	5981000	6025000	0.828213967	0.771427937
chr2R	6025000	6073000	0.771427937	0.752217463
chr2R	6087000	6151000	0.70375621	0.750868229
chr2R	6151000	6203000	0.750868229	0.677177895
chr2R	6216000	6243000	0.735265984	0.646507014
chr2R	6243000	6275000	0.646507014	0.75397828
chr2R	6492000	6575000	0.758480127	0.620120341
chr2R	6581000	6613000	0.58176313	0.790956694
chr2R	6632000	6665000	0.82098158	0.829829689
chr2R	6665000	6762000	0.829829689	0.866913356
chr2R	6762000	6893000	0.866913356	0.807397626
chr2R	6893000	6959000	0.807397626	0.671778659
chr2R	6970000	6999000	0.758604251	0.739156638
chr2R	7002000	7144000	0.743630598	0.769033914
chr2R	7144000	7207000	0.769033914	0.592035539
chr2R	7211000	7237000	0.560720556	0.766763386
chr2R	7314000	7381000	0.765309949	0.8030784
chr2R	7381000	7405000	0.8030784	0.791635607
chr2R	7405000	7457000	0.791635607	0.756589941
chr2R	7488000	7529000	0.757265083	0.864585384
chr2R	7529000	7565000	0.864585384	0.701983231
chr2R	7565000	7590000	0.701983231	0.727763957
chr2R	7592000	7636000	0.715997011	0.698155688
chr2R	7636000	7735000	0.698155688	0.762078918
chr2R	7735000	7782000	0.762078918	0.815764543
chr2R	7782000	7880000	0.815764543	0.724548232
chr2R	7881000	7955000	0.724208985	0.755284529
chr2R	7955000	7989000	0.755284529	0.781813359
chr2R	7989000	8014000	0.781813359	0.843773648
chr2R	8061000	8135000	0.836447956	0.755957365
chr2R	8174000	8248000	0.783397425	0.81897251
chr2R	8248000	8436000	0.81897251	0.759483403
chr2R	8436000	8599000	0.759483403	0.803235448
chr2R	8599000	8631000	0.803235448	0.75698727
chr2R	8631000	8671000	0.75698727	0.846439199
chr2R	8671000	8724000	0.846439199	0.830227643
chr2R	8732000	8762000	0.77496551	0.830535865
chr2R	8762000	8775000	0.830535865	0.700369184
chr2R	8788000	8889000	0.692640292	0.849762485
chr2R	8889000	8958000	0.849762485	0.777362254
chr2R	8958000	9006000	0.777362254	0.815140143
chr2R	9006000	9095000	0.815140143	0.844891613
chr2R	9095000	9138000	0.844891613	0.725982382
chr2R	9138000	9192000	0.725982382	0.854389509
chr2R	9192000	9283000	0.854389509	0.804282121
chr2R	9291000	9309000	0.726054508	0.778864969
chr2R	9309000	9359000	0.778864969	0.682314415
chr2R	9361000	9387000	0.698242073	0.850841658
chr2R	9387000	9428000	0.850841658	0.75696001
chr2R	9428000	9446000	0.75696001	0.800001898
chr2R	9446000	9482000	0.800001898	0.700570049
chr2R	9486000	9565000	0.685116668	0.730442084
chr2R	9611000	9693000	0.737009608	0.76279138
chr2R	9693000	9727000	0.76279138	0.798762741
chr2R	9731000	9819000	0.797084957	0.811391015
chr2R	9819000	9830000	0.811391015	0.737482626
chr2R	9836000	9870000	0.735465171	0.741048919
chr2R	9873000	9907000	0.733584841	0.729996952
chr2R	9907000	9955000	0.729996952	0.832525646
chr2R	9955000	9987000	0.832525646	0.817785773
chr2R	9987000	10022000	0.817785773	0.778490498
chr2R	10022000	10048000	0.778490498	0.76164406
chr2R	10073000	10101000	0.752930763	0.900144747
chr2R	10101000	10124000	0.900144747	0.769396016
chr2R	10124000	10160000	0.769396016	0.715849403
chr2R	10252000	10415000	0.763797381	0.848456236
chr2R	10415000	10477000	0.848456236	0.757272422
chr2R	10477000	10528000	0.757272422	0.625818783
chr2R	10528000	10560000	0.625818783	0.820519671
chr2R	10561000	10580000	0.783287136	0.4664462
chr2R	10594000	10627000	0.440080911	0.572376997
chr2R	10635001	10658000	0.564656701	0.637035549
chr2R	10667000	10806000	0.632774616	0.79620245
chr2R	10806000	10847000	0.79620245	0.762522584
chr2R	10847000	10872000	0.762522584	0.806779931
chr2R	10872000	10904000	0.806779931	0.796101602
chr2R	11021000	11113000	0.661320058	0.721974941
chr2R	11113000	11120000	0.721974941	0.79132341
chr2R	11122000	11173000	0.79083257	0.744097956
chr2R	11173000	11205000	0.744097956	0.707145332
chr2R	11223000	11270000	0.805193772	0.793709882
chr2R	11272000	11305000	0.787727131	0.783852204
chr2R	11307000	11353000	0.778769776	0.848989848
chr2R	11364000	11389000	0.841746763	0.776596328
chr2R	11406000	11452000	0.71903095	0.868474989
chr2R	11465000	11475000	0.77274006	0.756355531
chr2R	11475000	11582000	0.756355531	0.848974751
chr2R	11582000	11624000	0.848974751	0.665344066
chr2R	11624000	11651000	0.665344066	0.711219448
chr2R	11704000	11710000	0.793076678	0.815807528
chr2R	11710000	11890000	0.815807528	0.881151278
chr2R	11906000	11966000	0.798315517	0.803404231
chr2R	11966000	12027000	0.803404231	0.801922068
chr2R	12045000	12132000	0.889484021	0.869837639
chr2R	12132000	12186000	0.869837639	0.71263934
chr2R	12186000	12201000	0.71263934	0.852172652
chr2R	12215000	12248000	0.766955446	0.772935894
chr2R	12248000	12318000	0.772935894	0.86877775
chr2R	12318000	12345000	0.86877775	0.815809202
chr2R	12345000	12412000	0.815809202	0.822472966
chr2R	12454000	12510000	0.777076896	0.73737108
chr2R	12529000	12572000	0.704313305	0.700729399
chr2R	12613000	12668000	0.779120558	0.752535743
chr2R	12668000	12705000	0.752535743	0.725392368
chr2R	12711000	12757000	0.686460659	0.74985573
chr2R	12757000	12787000	0.74985573	0.694090168
chr2R	12795000	12817000	0.693773984	0.670083679
chr2R	12825000	12853000	0.675542671	0.809461203
chr2R	12867000	12916000	0.825124469	0.787209871
chr2R	12916000	12936000	0.787209871	0.745553491
chr2R	12947000	13043000	0.760180978	0.912664195
chr2R	13043000	13114000	0.912664195	0.882127085
chr2R	13115001	13126000	0.882127085	0.707454596
chr2R	13126000	13171000	0.707454596	0.757568057
chr2R	13171000	13200000	0.757568057	0.73682971
chr2R	13201000	13242000	0.73311518	0.910244805
chr2R	13242000	13408000	0.910244805	0.84424185
chr2R	13414000	13449000	0.835088867	0.760622125
chr2R	13449000	13483000	0.760622125	0.756143764
chr2R	13508000	13539000	0.793997971	0.775665181
chr2R	13558000	13599000	0.809249648	0.870595817
chr2R	13599000	13732000	0.870595817	0.816438844
chr2R	13732000	13827000	0.816438844	0.815151885
chr2R	13827000	13854000	0.815151885	0.73863351
chr2R	13854000	13942000	0.73863351	0.862941768
chr2R	13964000	13990000	0.849173522	0.814708853
chr2R	13990000	14099000	0.814708853	0.525376522
chr2R	14110001	14141000	0.534743572	0.814947459
chr2R	14141000	14174000	0.814947459	0.859783085
chr2R	14216000	14276000	0.809844485	0.806467941
chr2R	14276000	14302000	0.806467941	0.752716061
chr2R	14302000	14332000	0.752716061	0.726615589
chr2R	14357000	14393000	0.75808825	0.665136285
chr2R	14403000	14472000	0.68811098	0.666932325
chr2R	14479000	14517000	0.702610568	0.835561893
chr2R	14517000	14624000	0.835561893	0.827824187
chr2R	14624000	14745000	0.827824187	0.800527756
chr2R	14745000	14773000	0.800527756	0.806586828
chr2R	14773000	14840000	0.806586828	0.779220987
chr2R	14840000	14879000	0.779220987	0.803567771
chr2R	14879000	14885000	0.803567771	0.706683007
chr2R	14899000	14934000	0.649323738	0.746741696
chr2R	14934000	14962000	0.746741696	0.859388268
chr2R	14962000	14998000	0.859388268	0.833545905
chr2R	14998000	15088000	0.833545905	0.637658692
chr2R	15091000	15116000	0.645625137	0.817781999
chr2R	15128000	15153000	0.653467252	0.869871394
chr2R	15153000	15195000	0.869871394	0.815757207
chr2R	15195000	15244000	0.815757207	0.805060213
chr2R	15253000	15340000	0.824908502	0.831074089
chr2R	15346000	15394000	0.801785572	0.781447274
chr2R	15394000	15479000	0.781447274	0.801292426
chr2R	15479000	15511000	0.801292426	0.810493205
chr2R	15511000	15532000	0.810493205	0.800869097
chr2R	15532000	15584000	0.800869097	0.813852346
chr2R	15584000	15675000	0.813852346	0.813941034
chr2R	15675000	15698000	0.813941034	0.768106959
chr2R	15698000	15730000	0.768106959	0.755301722
chr2R	15730000	15759000	0.755301722	0.697544288
chr2R	15759000	15817000	0.697544288	0.782621014
chr2R	15817000	15848000	0.782621014	0.844830188
chr2R	15848000	15921000	0.844830188	0.85071271
chr2R	15931000	15973000	0.911169872	0.745256597
chr2R	15973000	15988000	0.745256597	0.764472941
chr2R	15988000	16018000	0.764472941	0.779992787
chr2R	16018000	16103000	0.779992787	0.801215686
chr2R	16103000	16124000	0.801215686	0.828180637
chr2R	16136000	16178000	0.819238585	0.767756599
chr2R	16231000	16280000	0.763043824	0.841581748
chr2R	16280000	16351000	0.841581748	0.849096776
chr2R	16351000	16522000	0.849096776	0.777377145
chr2R	16549000	16569000	0.70186393	0.867884763
chr2R	16594000	16771000	0.87275941	0.776387497
chr2R	16771000	16803000	0.776387497	0.781759477
chr2R	16803000	16872000	0.781759477	0.912845356
chr2R	16872000	16935000	0.912845356	0.818681278
chr2R	16936000	17062000	0.809210231	0.748186748
chr2R	17062000	17099000	0.748186748	0.896220962
chr2R	17099000	17387000	0.896220962	0.892660326
chr2R	17387000	17444000	0.892660326	0.797650019
chr2R	17470000	17503000	0.748057381	0.728869132
chr2R	17514000	17533000	0.726270679	0.771251812
chr2R	17533000	17594000	0.771251812	0.831430739
chr2R	17594000	17659000	0.831430739	0.814758755
chr2R	17659000	17684000	0.814758755	0.766931545
chr2R	17684000	17701000	0.766931545	0.752756947
chr2R	17701000	17721000	0.752756947	0.756317999
chr2R	17721000	17793000	0.756317999	0.861967011
chr2R	17793000	17849000	0.861967011	0.750047787
chr2R	17881000	18075000	0.870610701	0.813573274
chr2R	18087000	18125000	0.764200161	0.779817924
chr2R	18125000	18183000	0.779817924	0.843681605
chr2R	18183000	18352000	0.843681605	0.659679804
chr2R	18370001	18412000	0.763392297	0.881856192
chr2R	18412000	18455000	0.881856192	0.799686765
chr2R	18455000	18485000	0.799686765	0.696231538
chr2R	18496000	18552000	0.700052791	0.887254803
chr2R	18611000	18639000	0.811029123	0.776797823
chr2R	18639000	18661000	0.776797823	0.831233018
chr2R	18661000	18688000	0.831233018	0.818027522
chr2R	18688000	18807000	0.818027522	0.825786392
chr2R	18807000	18859000	0.825786392	0.824256639
chr2R	18859000	18983000	0.824256639	0.905501205
chr2R	18983000	19128000	0.905501205	0.833420094
chr2R	19128000	19165000	0.833420094	0.798399174
chr2R	19165000	19227000	0.798399174	0.816381819
chr2R	19227000	19252000	0.816381819	0.824781241
chr2R	19252000	19285000	0.824781241	0.858553356
chr2R	19285000	19315000	0.858553356	0.827609695
chr2R	19315000	19425000	0.827609695	0.886065967
chr2R	19425000	19457000	0.886065967	0.903551054
chr2R	19466000	19505000	0.767308743	0.80409426
chr2R	19505000	19614000	0.80409426	0.731172578
chr2R	19917000	20203000	0.73346491	0.890798031
chr2R	20203000	20245000	0.890798031	0.77073812
chr2R	20245000	20254000	0.77073812	0.792446823
chr2R	20254000	20279000	0.792446823	0.745431042
chr2R	20279000	20306000	0.745431042	0.768444529
chr2R	20306000	20374000	0.768444529	0.798396449
chr2R	20376000	20589000	0.79395876	0.819375919
chr2R	20589000	20617000	0.819375919	0.78125857
chr2R	20617000	20646000	0.78125857	0.73856264
chr2R	20646000	20679000	0.73856264	0.908165493
chr2R	20680000	20736000	0.916472241	0.826879411
chr2R	20745000	20813000	0.802863907	0.872709921
chr2R	20813000	20884000	0.872709921	0.786213937
chr2R	20884000	20985000	0.786213937	0.831906901
chr2R	20985000	21017000	0.831906901	0.745402107
chr2R	21017000	21057000	0.745402107	0.858361934
chr2R	21057000	21125000	0.858361934	0.69988149
chr2R	21125000	21138000	0.69988149	0.735437285
chr2R	21158000	21183000	0.719502291	0.740058853
chr2R	21200000	21259000	0.808944369	0.785103728
chr2R	21259000	21293000	0.785103728	0.770657187
chr2R	21293000	21350000	0.770657187	0.731188722
chr2R	21350000	21385000	0.731188722	0.764255722
chr2R	21385000	21479000	0.764255722	0.755029989
chr2R	21479000	21519000	0.755029989	0.774840755
chr2R	21535000	21564000	0.757510397	0.696883824
chr2R	21568000	21617000	0.738571027	0.843300211
chr2R	21617000	21660000	0.843300211	0.735961043
chr2R	21660000	21688000	0.735961043	0.709194236
chr2R	21688000	21729000	0.709194236	0.710006502
chr2R	21733000	21735000	0.7978295	0.790781405
chr2R	21741000	21812000	0.772745928	0.738267843
chr2R	21812000	22061000	0.738267843	0.832833018
chr2R	22061000	22121000	0.832833018	0.889309582
chr2R	22136000	22179000	0.800270279	0.736571605
chr2R	22198000	22232000	0.730440616	0.845883778
chr2R	22232000	22287000	0.845883778	0.744296093
chr2R	22317000	22354000	0.856155987	0.65817814
chr2R	22358000	22371000	0.683019329	0.825341898
chr2R	22371000	22412000	0.825341898	0.731106321
chr2R	22430000	22520000	0.81548149	0.755541169
chr2R	22526000	22563000	0.738237651	0.705607814
chr2R	22566000	22583000	0.664853226	0.585799929
chr2R	22589000	22594000	0.602554321	0.747549767
chr2R	22594000	22646000	0.747549767	0.730078724
chr2R	22646000	22675000	0.730078724	0.797287496
chr2R	22675000	22701000	0.797287496	0.738895179
chr2R	22701000	22727000	0.738895179	0.73324224
chr2R	22747000	22885000	0.808403833	0.779330645
chr2R	22885000	22942000	0.779330645	0.814649722
chr2R	22942000	22957000	0.814649722	0.723208015
chr2R	22969000	22999000	0.685600382	0.848155362
chr2R	22999000	23045000	0.848155362	0.816911232
chr2R	23086000	23348000	0.794378522	0.841308131
chr2R	23348000	23380000	0.841308131	0.731644337
chr2R	23398000	23412000	0.712895768	0.789288339
chr2R	23412000	23525000	0.789288339	0.694971624
chr2R	23566000	23619000	0.804355505	0.757957625
chr2R	23619000	23656000	0.757957625	0.870810309
chr2R	23656000	23703000	0.870810309	0.754840029
chr2R	23713000	23747000	0.78193329	0.817420944
chr2R	23747000	23823000	0.817420944	0.871541842
chr2R	23823000	23840000	0.871541842	0.900871044
chr2R	23840000	23861000	0.900871044	0.754545023
chr2R	23861000	23903000	0.754545023	0.680912345
chr2R	23903000	23910000	0.680912345	0.661122131
chr2R	23924000	23966000	0.649023071	0.731825074
chr2R	23966000	23988000	0.731825074	0.73847437
chr2R	23988000	24028000	0.73847437	0.783987857
chr2R	24028000	24065000	0.783987857	0.765929106
chr2R	24069000	24117000	0.76373595	0.748939258
chr2R	24117000	24145000	0.748939258	0.683736197
chr2R	24184000	24203000	0.684866952	0.800849182
chr2R	24203000	24265000	0.800849182	0.813842492
chr2R	24265000	24301000	0.813842492	0.793289283
chr2R	24301000	24337000	0.793289283	0.776792368
chr2R	24337000	24350000	0.776792368	0.540064612
chr2R	24364000	24384000	0.557452407	0.734712663
chr2R	24384000	24417000	0.734712663	0.807462625
chr2R	24417000	24528000	0.807462625	0.765155632
chr2R	24535000	24561000	0.80657215	0.718071286
chr2R	24561000	24603000	0.718071286	0.777701501
chr2R	24611000	24649000	0.781809585	0.676366679
chr2R	24659000	24685000	0.676504853	0.77493301
chr2R	24686000	24734000	0.764260964	0.682420721
chr2R	24797000	24870000	0.774645127	0.724017975
chr2R	24870000	24942000	0.724017975	0.715861144
chr2R	24970000	25012000	0.729286796	0.735597264
chr2R	25012000	25036000	0.735597264	0.717376437
chr2R	25036000	25073000	0.717376437	0.785300193
chr2R	25073000	25148000	0.785300193	0.64097883
chr3L	44000	114000	0.362849424	0.612879143
chr3L	119000	125000	0.635217282	0.720352507
chr3L	125000	178000	0.720352507	0.782887295
chr3L	178000	267000	0.782887295	0.693048733
chr3L	291000	328000	0.684343612	0.719711333
chr3L	371000	403000	0.727950773	0.532058525
chr3L	412000	431000	0.540476825	0.715850661
chr3L	431000	509000	0.715850661	0.701701644
chr3L	509000	540000	0.701701644	0.801772987
chr3L	540000	605000	0.801772987	0.81218441
chr3L	605000	673000	0.81218441	0.754527829
chr3L	673000	748000	0.754527829	0.794252511
chr3L	748000	825000	0.794252511	0.798973884
chr3L	833000	857000	0.801568562	0.633623156
chr3L	869000	920000	0.650563939	0.701722611
chr3L	934000	1049000	0.695596864	0.812893311
chr3L	1051000	1150000	0.811188264	0.668332717
chr3L	1164000	1174000	0.65694255	0.712175758
chr3L	1174000	1198000	0.712175758	0.815227575
chr3L	1198000	1220000	0.815227575	0.691831383
chr3L	1221000	1246000	0.689684351	0.712414154
chr3L	1246000	1295000	0.712414154	0.799123377
chr3L	1295000	1350000	0.799123377	0.882960109
chr3L	1365000	1420000	0.901686035	0.686003578
chr3L	1427000	1486000	0.67771193	0.73851882
chr3L	1486000	1536000	0.73851882	0.662509945
chr3L	1536000	1570000	0.662509945	0.805604098
chr3L	1577000	1674000	0.79702562	0.766745565
chr3L	1674000	1728000	0.766745565	0.798127862
chr3L	1737000	1795000	0.751293652	0.787715808
chr3L	1802000	1832000	0.769699411	0.76813212
chr3L	1832000	1852000	0.76813212	0.759811537
chr3L	1852000	1882000	0.759811537	0.854780752
chr3L	1882000	1930000	0.854780752	0.76737332
chr3L	1938000	1976000	0.778956805	0.959362546
chr3L	2066000	2148000	0.833738377	0.744118293
chr3L	2148000	2179000	0.744118293	0.808661941
chr3L	2185000	2243000	0.861552699	0.779247619
chr3L	2243000	2269000	0.779247619	0.839319613
chr3L	2269000	2363000	0.839319613	0.78063417
chr3L	2363000	2380000	0.78063417	0.763035857
chr3L	2380000	2409000	0.763035857	0.746560332
chr3L	2466000	2489000	0.76147821	0.733512086
chr3L	2503000	2531000	0.679190949	0.704880465
chr3L	2531000	2555000	0.704880465	0.730204526
chr3L	2555000	2586000	0.730204526	0.84305595
chr3L	2586000	2655000	0.84305595	0.798361851
chr3L	2655000	2750000	0.798361851	0.77250376
chr3L	2765000	2797000	0.799819693	0.679324718
chr3L	2797000	2857000	0.679324718	0.697483483
chr3L	2857000	2888000	0.697483483	0.746480445
chr3L	2888000	2934000	0.746480445	0.690096565
chr3L	2934000	3034000	0.690096565	0.918743812
chr3L	3034000	3066000	0.918743812	0.834656534
chr3L	3066000	3127000	0.834656534	0.69761264
chr3L	3127000	3191000	0.69761264	0.688528436
chr3L	3191000	3223000	0.688528436	0.751177914
chr3L	3253000	3304000	0.697289748	0.725494687
chr3L	3335000	3373000	0.734189953	0.753467522
chr3L	3373000	3461000	0.753467522	0.709215204
chr3L	3461000	3571000	0.709215204	0.62575399
chr3L	3578000	3604000	0.615644285	0.715323338
chr3L	3604000	3616000	0.715323338	0.757677715
chr3L	3616000	3794000	0.757677715	0.775871075
chr3L	3794000	3819000	0.775871075	0.697203781
chr3L	3819000	3845000	0.697203781	0.692818303
chr3L	3912000	3937000	0.769851004	0.70517107
chr3L	3937000	4056000	0.70517107	0.810420657
chr3L	4056000	4102000	0.810420657	0.855649419
chr3L	4102000	4121000	0.855649419	0.734102938
chr3L	4134000	4170000	0.783347942	0.778078909
chr3L	4170000	4220000	0.778078909	0.78977981
chr3L	4253000	4286000	0.726937433	0.753861073
chr3L	4286000	4325000	0.753861073	0.645027576
chr3L	4331000	4409000	0.624126946	0.878244404
chr3L	4409000	4454000	0.878244404	0.689150948
chr3L	4455000	4532000	0.693409786	0.77119688
chr3L	4532000	4558000	0.77119688	0.754839607
chr3L	4558000	4641000	0.754839607	0.842952996
chr3L	4641000	4670000	0.842952996	0.865114798
chr3L	4671000	4840000	0.854709879	0.907267895
chr3L	4840000	5032000	0.907267895	0.747444514
chr3L	5046000	5109000	0.74344504	0.576700211
chr3L	5125000	5168000	0.628576164	0.740487629
chr3L	5168000	5296000	0.740487629	0.751138288
chr3L	5302000	5345000	0.733588406	0.775743808
chr3L	5346000	5372000	0.76755217	0.891749093
chr3L	5385000	5459000	0.81760986	0.8110763
chr3L	5461000	5549000	0.8110763	0.795544501
chr3L	5549000	5608000	0.795544501	0.814930894
chr3L	5608000	5747000	0.814930894	0.947652841
chr3L	5747000	5815000	0.947652841	0.802512288
chr3L	5815000	5870000	0.802512288	0.948008866
chr3L	5870000	5922000	0.948008866	0.79657504
chr3L	5922000	5960000	0.79657504	0.756783469
chr3L	5960000	6120000	0.756783469	0.819575945
chr3L	6123000	6158000	0.80882192	0.758861097
chr3L	6158000	6218000	0.758861097	0.783001146
chr3L	6218000	6220000	0.783001146	0.710111547
chr3L	6226000	6264000	0.695111055	0.840330849
chr3L	6264000	6338000	0.840330849	0.789836424
chr3L	6344000	6400000	0.789311403	0.667019547
chr3L	6432000	6486000	0.600344799	0.800169844
chr3L	6502000	6742000	0.840361256	0.733934154
chr3L	6758000	6892000	0.835225789	0.675003398
chr3L	6899000	6943000	0.704786743	0.758997174
chr3L	6995000	7067000	0.814928169	0.885752083
chr3L	7067000	7129000	0.885752083	0.796977817
chr3L	7129000	7160000	0.796977817	0.81846343
chr3L	7160000	7232000	0.81846343	0.81313003
chr3L	7232000	7251000	0.81313003	0.759610464
chr3L	7275000	7318000	0.83824379	0.90169652
chr3L	7318000	7373000	0.90169652	0.74172993
chr3L	7391000	7506000	0.79683461	0.774739064
chr3L	7506000	7538000	0.774739064	0.848811836
chr3L	7538000	7644000	0.848811836	0.759049591
chr3L	7644000	7650000	0.759049591	0.707392324
chr3L	7713000	7743000	0.835012134	0.788091748
chr3L	7743000	7798000	0.788091748	0.617717935
chr3L	7804000	7813000	0.644195182	0.724170615
chr3L	7813000	7870000	0.724170615	0.77715531
chr3L	7870000	7911000	0.77715531	0.679598969
chr3L	7911000	7915000	0.679598969	0.6431028
chr3L	8025000	8057000	0.537977965	0.802314779
chr3L	8057000	8083000	0.802314779	0.699660707
chr3L	8083000	8108000	0.699660707	0.710714351
chr3L	8108000	8159000	0.710714351	0.746262388
chr3L	8178000	8207000	0.782960261	0.804880944
chr3L	8207000	8285000	0.804880944	0.832050533
chr3L	8285000	8317000	0.832050533	0.78332509
chr3L	8317000	8335000	0.78332509	0.768933901
chr3L	8336000	8360000	0.768555655	0.80075504
chr3L	8360000	8396000	0.80075504	0.769791248
chr3L	8403000	8421000	0.750440923	0.705643039
chr3L	8421000	8441000	0.705643039	0.748907177
chr3L	8450000	8489000	0.81019841	0.55848189
chr3L	8502000	8540000	0.663609669	0.770071158
chr3L	8541000	8609000	0.757788632	0.768718362
chr3L	8609000	8634000	0.768718362	0.787253275
chr3L	8634000	8720000	0.787253275	0.801890825
chr3L	8720000	8764000	0.801890825	0.850251432
chr3L	8764000	8807000	0.850251432	0.704726987
chr3L	8807000	8885000	0.704726987	0.735228243
chr3L	8890000	8954000	0.734907027	0.798897144
chr3L	8954000	8997000	0.798897144	0.844177901
chr3L	8997000	9046000	0.844177901	0.80768844
chr3L	9057000	9117000	0.824217635	0.765337415
chr3L	9131000	9356000	0.749759073	0.808380563
chr3L	9356000	9401000	0.808380563	0.694150133
chr3L	9401000	9432000	0.694150133	0.733827851
chr3L	9432000	9462000	0.733827851	0.725305564
chr3L	9462000	9488000	0.725305564	0.677448373
chr3L	9488000	9510000	0.677448373	0.720112433
chr3L	9510000	9532000	0.720112433	0.641497764
chr3L	9538000	9614000	0.624623235	0.757232165
chr3L	9614000	9695000	0.757232165	0.788393465
chr3L	9695000	9746000	0.788393465	0.774065387
chr3L	9746000	9772000	0.774065387	0.813621289
chr3L	9772000	9825000	0.813621289	0.744105084
chr3L	9827000	9854000	0.743926025	0.782359557
chr3L	9854000	9927000	0.782359557	0.797638697
chr3L	9936000	9990000	0.755516008	0.819981866
chr3L	9990000	10035000	0.819981866	0.84183147
chr3L	10043000	10056000	0.839714217	0.886440438
chr3L	10063000	10241000	0.878631247	0.850109075
chr3L	10241000	10510000	0.850109075	0.875352201
chr3L	10510000	10661000	0.875352201	0.756753066
chr3L	10661000	10699000	0.756753066	0.865042463
chr3L	10699000	10859000	0.865042463	0.820128635
chr3L	10859000	10898000	0.820128635	0.872408209
chr3L	10898000	11034000	0.872408209	0.76115301
chr3L	11034000	11070000	0.76115301	0.959089979
chr3L	11070000	11085000	0.959089979	0.7570378
chr3L	11087000	11123000	0.741525501	0.842111799
chr3L	11123000	11197000	0.842111799	0.863834967
chr3L	11197000	11215000	0.863834967	0.807986171
chr3L	11215000	11245000	0.807986171	0.923742158
chr3L	11245000	11261000	0.923742158	0.757243488
chr3L	11266000	11333000	0.738389663	0.710612032
chr3L	11333000	11429000	0.710612032	0.818994318
chr3L	11429000	11482000	0.818994318	0.780619911
chr3L	11482000	11503000	0.780619911	0.746321726
chr3L	11509000	11521000	0.750239009	0.789136327
chr3L	11521000	11559000	0.789136327	0.669556565
chr3L	11559000	11562000	0.669556565	0.665173396
chr3L	11567000	11581000	0.661542312	0.746689907
chr3L	11581000	11597000	0.746689907	0.752912942
chr3L	11618000	11654000	0.716917047	0.720998922
chr3L	11654000	11680000	0.720998922	0.797954674
chr3L	11680000	11724000	0.797954674	0.768112411
chr3L	11724000	11731000	0.768112411	0.799307889
chr3L	11731000	11838000	0.799307889	0.845063126
chr3L	11994000	12057000	0.825756411	0.750233138
chr3L	12057000	12115000	0.750233138	0.864442602
chr3L	12115000	12139000	0.864442602	0.778178507
chr3L	12160000	12199000	0.822395182	0.717585688
chr3L	12199000	12260000	0.717585688	0.848033537
chr3L	12263000	12417000	0.839540191	0.823140975
chr3L	12417000	12471000	0.823140975	0.825463297
chr3L	12471000	12494000	0.825463297	0.764821205
chr3L	12494000	12534000	0.764821205	0.827238998
chr3L	12534000	12731000	0.827238998	0.875077109
chr3L	12731000	12793000	0.875077109	0.799649654
chr3L	12803000	12834000	0.802017467	0.799220663
chr3L	12834000	12865000	0.799220663	0.878189678
chr3L	12865001	12917000	0.878189678	0.797466771
chr3L	12929000	12979000	0.767913644	0.788935257
chr3L	12984000	13004000	0.790705715	0.848734052
chr3L	13004000	13040000	0.848734052	0.909232306
chr3L	13048000	13290000	0.887846491	0.858299022
chr3L	13292000	13372000	0.855708119	0.804058193
chr3L	13388000	13411000	0.820733745	0.765218953
chr3L	13411000	13474000	0.765218953	0.853565708
chr3L	13474000	13520000	0.853565708	0.788044995
chr3L	13534000	13567000	0.774511149	0.889682166
chr3L	13567000	13570000	0.889682166	0.870933808
chr3L	13576000	13800000	0.835307134	0.681589793
chr3L	13821000	13833000	0.709936052	0.773203644
chr3L	13833000	13905000	0.773203644	0.796563717
chr3L	13905000	13993000	0.796563717	0.786052072
chr3L	14002000	14054000	0.802816942	0.86107235
chr3L	14054000	14112000	0.86107235	0.763902427
chr3L	14112000	14189000	0.763902427	0.799122959
chr3L	14189000	14212000	0.799122959	0.789833487
chr3L	14212000	14267000	0.789833487	0.869215333
chr3L	14270000	14409000	0.871060444	0.784341364
chr3L	14409000	14513000	0.784341364	0.682109986
chr3L	14513000	14529000	0.682109986	0.659830348
chr3L	14534000	14563000	0.676299796	0.764994185
chr3L	14563000	14619000	0.764994185	0.798850179
chr3L	14622000	14679000	0.885324785	0.786504539
chr3L	14679000	14742000	0.786504539	0.73173156
chr3L	14742000	14786000	0.73173156	0.747286631
chr3L	14786000	14806000	0.747286631	0.877477003
chr3L	14806000	14820000	0.877477003	0.751062804
chr3L	14834000	14987000	0.72383619	0.749022915
chr3L	15012000	15062000	0.770120428	0.759320278
chr3L	15062000	15116000	0.759320278	0.677576061
chr3L	15116000	15142000	0.677576061	0.789332998
chr3L	15164000	15270000	0.857283587	0.888894845
chr3L	15270000	15495000	0.888894845	0.869518731
chr3L	15501000	15552000	0.83053544	0.777439413
chr3L	15563000	15588000	0.683026668	0.875045453
chr3L	15588000	15614000	0.875045453	0.745190552
chr3L	15634000	15805000	0.789564687	0.869803046
chr3L	15811000	15829000	0.790828583	0.785154467
chr3L	15829000	15835000	0.785154467	0.845098144
chr3L	15835000	15925000	0.845098144	0.720176592
chr3L	15937000	15954000	0.731281816	0.856085527
chr3L	15954000	16003000	0.856085527	0.780570853
chr3L	16003000	16052000	0.780570853	0.932319799
chr3L	16052000	16090000	0.932319799	0.681947283
chr3L	16090000	16129000	0.681947283	0.75032057
chr3L	16145000	16233000	0.791979259	0.799215214
chr3L	16241000	16335000	0.85621175	0.800043202
chr3L	16335000	16378000	0.800043202	0.750745155
chr3L	16378000	16411000	0.750745155	0.767480882
chr3L	16411000	16462000	0.767480882	0.796745079
chr3L	16462000	16495000	0.796745079	0.870611538
chr3L	16495000	16562000	0.870611538	0.911294421
chr3L	16612000	16661000	0.668535259	0.726592315
chr3L	16661000	16712000	0.726592315	0.794775013
chr3L	16712000	16772000	0.794775013	0.78045134
chr3L	16780000	16807000	0.791797266	0.799466399
chr3L	16807000	16840000	0.799466399	0.770036352
chr3L	16840000	16857000	0.770036352	0.739218282
chr3L	16866000	16948000	0.822868195	0.691686289
chr3L	16955000	16977000	0.698068046	0.743361381
chr3L	16986000	17012000	0.716970723	0.824236719
chr3L	17012000	17083000	0.824236719	0.762614418
chr3L	17096000	17132000	0.765182888	0.829050553
chr3L	17142000	17379000	0.829638892	0.765931834
chr3L	17379000	17438000	0.765931834	0.888111723
chr3L	17438000	17474000	0.888111723	0.777311096
chr3L	17483000	17535000	0.737076913	0.683722146
chr3L	17535000	17563000	0.683722146	0.777210036
chr3L	17563000	17596000	0.777210036	0.846730437
chr3L	17596000	17622000	0.846730437	0.76753393
chr3L	17622000	17669000	0.76753393	0.844832275
chr3L	17669000	17732000	0.844832275	0.78955777
chr3L	17742000	17865000	0.771074012	0.780254875
chr3L	17872000	17914000	0.788375013	0.842992626
chr3L	17914000	17962000	0.842992626	0.780495162
chr3L	17962000	17987000	0.780495162	0.771883341
chr3L	17987000	18020000	0.771883341	0.766303158
chr3L	18020000	18054000	0.766303158	0.62749363
chr3L	18059000	18104000	0.639827947	0.818581055
chr3L	18104000	18166000	0.818581055	0.805137159
chr3L	18166000	18379000	0.805137159	0.912008133
chr3L	18379000	18467000	0.912008133	0.799687396
chr3L	18467000	18506000	0.799687396	0.777801724
chr3L	18539000	18610000	0.715480801	0.782471939
chr3L	18611000	18633000	0.781128366	0.782605705
chr3L	18636000	18662000	0.776097309	0.678397763
chr3L	18662000	18687000	0.678397763	0.792651674
chr3L	18687000	18742000	0.792651674	0.872145277
chr3L	18740001	18773000	0.872145277	0.598857813
chr3L	18784000	18819000	0.602542786	0.872229785
chr3L	18853000	18891000	0.777568573	0.820532044
chr3L	18907000	18995000	0.782478225	0.791558029
chr3L	18996000	19059000	0.781871441	0.672275579
chr3L	19078000	19092000	0.69352175	0.79746509
chr3L	19092000	19116000	0.79746509	0.672472041
chr3L	19135000	19292000	0.795972861	0.801805068
chr3L	19292000	19506000	0.801805068	0.771644948
chr3L	19506000	19542000	0.771644948	0.803042757
chr3L	19542000	19583000	0.803042757	0.727968385
chr3L	19583000	19635000	0.727968385	0.764650323
chr3L	19635000	19690000	0.764650323	0.644008997
chr3L	19691000	19705000	0.63602305	0.328663633
chr3L	19779000	19821000	0.494450694	0.646757992
chr3L	19821000	19852000	0.646757992	0.621408982
chr3L	19852000	19871000	0.621408982	0.611513769
chr3L	19871000	19896000	0.611513769	0.674915757
chr3L	19896000	19910000	0.674915757	0.796119211
chr3L	19933000	19994000	0.868247499	0.794472664
chr3L	20004000	20043000	0.830014	0.760704945
chr3L	20043000	20116000	0.760704945	0.713042328
chr3L	20116000	20250000	0.713042328	0.875716612
chr3L	20250000	20290000	0.875716612	0.85279852
chr3L	20290000	20334000	0.85279852	0.759591802
chr3L	20339000	20403000	0.792855056	0.754348561
chr3L	20484000	20541000	0.669701869	0.860436409
chr3L	20541000	20709000	0.860436409	0.787565896
chr3L	20709000	20764000	0.787565896	0.803899895
chr3L	20764000	20799000	0.803899895	0.710538646
chr3L	20911000	21018000	0.757413321	0.680370975
chr3L	21027000	21066000	0.756069539	0.751319443
chr3L	21066000	21130000	0.751319443	0.741365732
chr3L	21130000	21172000	0.741365732	0.711566873
chr3L	21172000	21202000	0.711566873	0.70229606
chr3L	21202000	21241000	0.70229606	0.731401958
chr3L	21241000	21241000	0.731401958	0.731401958
chr3L	21249000	21262000	0.718789619	0.752177416
chr3L	21262000	21306000	0.752177416	0.755983994
chr3L	21323000	21373000	0.780513821	0.808099809
chr3L	21373000	21437000	0.808099809	0.73321708
chr3L	21437000	21484000	0.73321708	0.864621239
chr3L	21484000	21538000	0.864621239	0.709450873
chr3L	21538000	21575000	0.709450873	0.785523277
chr3L	21575000	21614000	0.785523277	0.756375868
chr3L	21614000	21644000	0.756375868	0.813101305
chr3L	21652000	21749000	0.783687402	0.757372014
chr3L	21751000	21818000	0.754906493	0.786526134
chr3L	21843000	21872000	0.796645488	0.743791625
chr3L	21872000	22055000	0.743791625	0.840790877
chr3L	22055000	22083000	0.840790877	0.822381972
chr3L	22129000	22256000	0.79057488	0.809182556
chr3L	22256000	22317000	0.809182556	0.763941007
chr3L	22317000	22553000	0.763941007	0.767533718
chr3L	22564000	22596000	0.769407338	0.774023877
chr3L	22596000	22615000	0.774023877	0.752117032
chr3L	22621000	22675000	0.749769136	0.860426136
chr3L	22675000	22706000	0.860426136	0.821085577
chr3L	22714000	22744000	0.826103625	0.748226168
chr3L	22816000	22863000	0.671302288	0.780481321
chr3L	27345001	27345000	0.645242912	0.645242912
chr3R	4046000	4103000	0.671774257	0.537282686
chr3R	4123000	4157000	0.641266081	0.673229581
chr3R	4172000	4194000	0.815906282	0.739694654
chr3R	4194000	4245000	0.739694654	0.748674654
chr3R	4245000	4255000	0.748674654	0.664887825
chr3R	4263000	4304000	0.632015395	0.830103731
chr3R	4304000	4371000	0.830103731	0.746160697
chr3R	4371000	4438000	0.746160697	0.70315739
chr3R	4438000	4632000	0.70315739	0.831176618
chr3R	4822000	4894000	0.859265406	0.645853889
chr3R	4899000	4905000	0.727542124	0.809564575
chr3R	4905000	4951000	0.809564575	0.82405242
chr3R	5127000	5150000	0.783372893	0.726740552
chr3R	5150000	5216000	0.726740552	0.805384576
chr3R	5216000	5262000	0.805384576	0.737492271
chr3R	5262000	5283000	0.737492271	0.802494885
chr3R	5283000	5341000	0.802494885	0.669599759
chr3R	5353000	5394000	0.722077469	0.826873962
chr3R	5394000	5445000	0.826873962	0.830639231
chr3R	5456000	5487000	0.82222115	0.7336056
chr3R	5487000	5524000	0.7336056	0.742317009
chr3R	5686000	5730000	0.807221707	0.749223992
chr3R	5730000	5763000	0.749223992	0.799678167
chr3R	5763000	5872000	0.799678167	0.836309785
chr3R	5872000	5987000	0.836309785	0.858574327
chr3R	5987000	6022000	0.858574327	0.829188724
chr3R	6022000	6083000	0.829188724	0.893220983
chr3R	6083000	6128000	0.893220983	0.804158834
chr3R	6128000	6164000	0.804158834	0.721156175
chr3R	6176000	6210000	0.66038933	0.796368721
chr3R	6210000	6334000	0.796368721	0.879298419
chr3R	6423000	6469000	0.615530228	0.821709558
chr3R	6475000	6505000	0.855437863	0.844124012
chr3R	6519000	6635000	0.811342794	0.843867579
chr3R	6635000	6665000	0.843867579	0.901760469
chr3R	7126000	7156000	0.711883267	0.714898964
chr3R	7156000	7187000	0.714898964	0.782866331
chr3R	7187000	7236000	0.782866331	0.782591658
chr3R	7236000	7266000	0.782591658	0.795323929
chr3R	7266000	7289000	0.795323929	0.759805876
chr3R	7289000	7350000	0.759805876	0.967326042
chr3R	7351000	7556000	0.961916133	0.842090416
chr3R	7561000	7690000	0.836901473	0.675029817
chr3R	7706000	7734000	0.659392134	0.705696295
chr3R	7739000	7819000	0.744171968	0.904418671
chr3R	7819000	7887000	0.904418671	0.851084881
chr3R	7887000	7928000	0.851084881	0.756805065
chr3R	7928000	7973000	0.756805065	0.84000628
chr3R	7973000	7999000	0.84000628	0.711924362
chr3R	7999000	8026000	0.711924362	0.716491206
chr3R	8026000	8041000	0.716491206	0.78550315
chr3R	8129000	8233000	0.877689821	0.794811912
chr3R	8233000	8270000	0.794811912	0.741342249
chr3R	8270000	8306000	0.741342249	0.80054474
chr3R	8306000	8339000	0.80054474	0.765159615
chr3R	8371000	8400000	0.90444594	0.715607443
chr3R	8412000	8548000	0.746377917	0.81083707
chr3R	8548000	8574000	0.81083707	0.806765466
chr3R	8610000	8669000	0.722908815	0.829206346
chr3R	8669000	8746000	0.829206346	0.77410879
chr3R	8746000	8800000	0.77410879	0.727534157
chr3R	8820000	8859000	0.754999799	0.786043055
chr3R	8859000	8904000	0.786043055	0.482917527
chr3R	8919000	8945000	0.542522994	0.696150814
chr3R	8945000	8981000	0.696150814	0.764340219
chr3R	9075000	9236000	0.725173052	0.814597308
chr3R	9257000	9278000	0.69270592	0.820117312
chr3R	9281000	9301000	0.805622338	0.58215396
chr3R	9314000	9334000	0.700492681	0.803957133
chr3R	9763000	9809000	0.709182285	0.85789457
chr3R	9809000	9829000	0.85789457	0.703347981
chr3R	9862000	10037000	0.794386908	0.76913288
chr3R	10037000	10076000	0.76913288	0.760292101
chr3R	10109000	10134000	0.793212961	0.761288669
chr3R	10142000	10170000	0.744396946	0.738432225
chr3R	10170000	10193000	0.738432225	0.706314405
chr3R	10193000	10250000	0.706314405	0.692714517
chr3R	10311000	10343000	0.747316613	0.753502536
chr3R	10416000	10614000	0.769490158	0.764025295
chr3R	10614000	10674000	0.764025295	0.932083924
chr3R	10674000	10712000	0.932083924	0.84954107
chr3R	10712000	10801000	0.84954107	0.672489862
chr3R	10814000	10851000	0.69123948	0.81728864
chr3R	10851000	10901000	0.81728864	0.914835337
chr3R	10901000	10990000	0.914835337	0.888779732
chr3R	10990000	11001000	0.888779732	0.844875678
chr3R	11001000	11094000	0.844875678	0.902229508
chr3R	11094000	11125000	0.902229508	0.909992571
chr3R	11125000	11197000	0.909992571	0.888855641
chr3R	11210000	11250000	0.750136059	0.851462077
chr3R	11257000	11375000	0.768783567	0.681564005
chr3R	11389000	11403000	0.707495273	0.768146167
chr3R	11403000	11446000	0.768146167	0.838621822
chr3R	11446000	11551000	0.838621822	0.864109847
chr3R	11551000	11619000	0.864109847	0.811495012
chr3R	11619000	11649000	0.811495012	0.754463459
chr3R	11695000	11741000	0.760851296	0.743409815
chr3R	11780000	11815000	0.745474864	0.710804928
chr3R	11816000	11835000	0.706122557	0.607617665
chr3R	11841000	11876000	0.565206885	0.667023321
chr3R	11997000	12215000	0.76411063	0.843078807
chr3R	12215000	12345000	0.843078807	0.796822656
chr3R	12348000	12383000	0.788551138	0.741065693
chr3R	12564000	12613000	0.786153132	0.816111551
chr3R	12638000	12648000	0.765777516	0.76184283
chr3R	12648000	12727000	0.76184283	0.890387705
chr3R	12727000	12924000	0.890387705	0.79041742
chr3R	12929000	13017000	0.791059222	0.723740161
chr3R	13017000	13030000	0.723740161	0.715406368
chr3R	13030000	13052000	0.715406368	0.766604876
chr3R	13058000	13084000	0.764765223	0.837717726
chr3R	13084000	13255000	0.837717726	0.808069409
chr3R	13256000	13305000	0.786670179	0.740642576
chr3R	13305000	13363000	0.740642576	0.799039926
chr3R	13363000	13382000	0.799039926	0.790872405
chr3R	13394000	13551000	0.835923566	0.824202126
chr3R	13551000	13631000	0.824202126	0.838113792
chr3R	13714000	13781000	0.803827135	0.74663644
chr3R	13781000	13837000	0.74663644	0.797961804
chr3R	13837000	13957000	0.797961804	0.806692919
chr3R	13957000	14039000	0.806692919	0.762508743
chr3R	14039000	14175000	0.762508743	0.735041636
chr3R	14203000	14255000	0.716089057	0.747111975
chr3R	14330000	14390000	0.789277016	0.744535537
chr3R	14390000	14613000	0.744535537	0.804027581
chr3R	14613000	14653000	0.804027581	0.754181034
chr3R	14653000	14697000	0.754181034	0.736639538
chr3R	14748000	14823000	0.713408204	0.724459961
chr3R	14823000	14868000	0.724459961	0.825731253
chr3R	14868000	14907000	0.825731253	0.796304353
chr3R	14913000	14926000	0.814477164	0.803595028
chr3R	14926000	14963000	0.803595028	0.773367603
chr3R	15153000	15195000	0.818102587	0.813133804
chr3R	15206000	15243000	0.81165814	0.701654049
chr3R	15243000	15265000	0.701654049	0.721284075
chr3R	15328000	15375000	0.751200769	0.815946748
chr3R	15378000	15486000	0.80125909	0.797920075
chr3R	15486000	15596000	0.797920075	0.807517557
chr3R	15629000	15676000	0.782240463	0.79769321
chr3R	15676000	15691000	0.79769321	0.825230347
chr3R	15691000	15730000	0.825230347	0.741385232
chr3R	15744000	15784000	0.735588458	0.87862831
chr3R	15784000	15929000	0.87862831	0.694191229
chr3R	15981000	16041000	0.756367482	0.864448263
chr3R	16041000	16099000	0.864448263	0.786864544
chr3R	16099000	16205000	0.786864544	0.837799708
chr3R	16260000	16345000	0.950322153	0.839478117
chr3R	16345000	16431000	0.839478117	0.814521193
chr3R	16431000	16472000	0.814521193	0.738839825
chr3R	16472000	16504000	0.738839825	0.854895015
chr3R	16504000	16505000	0.854895015	0.847184579
chr3R	16511000	16626000	0.745393931	0.838339607
chr3R	16626000	16656000	0.838339607	0.865722644
chr3R	16656000	16798000	0.865722644	0.782304618
chr3R	16798000	16969000	0.782304618	0.797126474
chr3R	17042000	17080000	0.81048545	0.810214976
chr3R	17080000	17120000	0.810214976	0.841969016
chr3R	17120000	17374000	0.841969016	0.901893404
chr3R	17374000	17514000	0.901893404	0.860402866
chr3R	17516000	17572000	0.872138566	0.73195444
chr3R	17583000	17603000	0.714917206	0.871881933
chr3R	17616000	17665000	0.856261865	0.786620277
chr3R	17717000	17790000	0.948412055	0.844406015
chr3R	17790000	17819000	0.844406015	0.815416697
chr3R	17819000	17925000	0.815416697	0.854494962
chr3R	17926000	18016000	0.84996398	0.797820065
chr3R	18016000	18033000	0.797820065	0.70745879
chr3R	18043000	18164000	0.708825005	0.82220501
chr3R	18246000	18304000	0.74231638	0.755519361
chr3R	18314000	18400000	0.847362167	0.794760966
chr3R	18415000	18569000	0.843726896	0.808877901
chr3R	18569000	18639000	0.808877901	0.795167937
chr3R	18639000	18681000	0.795167937	0.835417211
chr3R	18681000	18729000	0.835417211	0.786573312
chr3R	18729000	18812000	0.786573312	0.843129959
chr3R	18812000	18896000	0.843129959	0.839803736
chr3R	18904000	18930000	0.863117481	0.956916087
chr3R	18930000	18976000	0.956916087	0.842095865
chr3R	18976000	19037000	0.842095865	0.759741295
chr3R	19044000	19097000	0.722380444	0.799256312
chr3R	19097000	19148000	0.799256312	0.782194754
chr3R	19167000	19225000	0.788146055	0.845747495
chr3R	19231000	19329000	0.788196163	0.77914341
chr3R	19329000	19448000	0.77914341	0.746182083
chr3R	19453000	19492000	0.751389054	0.707121639
chr3R	19492000	19639000	0.707121639	0.788242291
chr3R	19642000	19691000	0.815746091	0.774562938
chr3R	19691000	19708000	0.774562938	0.811119704
chr3R	19708000	19730000	0.811119704	0.806671323
chr3R	19746000	19840000	0.75349331	0.802660107
chr3R	19841000	19860000	0.800205912	0.757884659
chr3R	19861000	19909000	0.754709194	0.761224089
chr3R	19921000	20009000	0.765368865	0.777492883
chr3R	20009000	20039000	0.777492883	0.750072319
chr3R	20039000	20105000	0.750072319	0.812863117
chr3R	20119000	20155000	0.73437006	0.751692027
chr3R	20163000	20254000	0.751655544	0.780404794
chr3R	20255001	20260000	0.780404794	0.534992244
chr3R	20274000	20336000	0.55756857	0.91679786
chr3R	20336000	20545000	0.91679786	0.785007492
chr3R	20545000	20575000	0.785007492	0.718222878
chr3R	20593000	20622000	0.720186028	0.74052642
chr3R	20648000	20762000	0.784291462	0.768952562
chr3R	20762000	20784000	0.768952562	0.70694866
chr3R	20784000	20831000	0.70694866	0.76645517
chr3R	20831000	20949000	0.76645517	0.805908122
chr3R	20949000	21059000	0.805908122	0.862505023
chr3R	21059000	21095000	0.862505023	0.752169449
chr3R	21126000	21149000	0.629684068	0.740613014
chr3R	21153000	21186000	0.778803956	0.713492282
chr3R	21186000	21214000	0.713492282	0.736155827
chr3R	21214000	21296000	0.736155827	0.934713419
chr3R	21377000	21520000	0.995399121	0.791690964
chr3R	21520000	21580000	0.791690964	0.724789354
chr3R	21664000	21750000	0.851797344	0.785348414
chr3R	21750000	21781000	0.785348414	0.676335857
chr3R	21781000	21821000	0.676335857	0.831155447
chr3R	21821000	21860000	0.831155447	0.77684835
chr3R	21861000	21892000	0.775631001	0.835999675
chr3R	21892000	22012000	0.835999675	0.855415418
chr3R	22012000	22043000	0.855415418	0.776400076
chr3R	22043000	22095000	0.776400076	0.779026834
chr3R	22095000	22134000	0.779026834	0.799022949
chr3R	22134000	22243000	0.799022949	0.679594354
chr3R	22243000	22354000	0.679594354	1
chr3R	22354000	22400000	1	0.758499626
chr3R	22469000	22518000	0.75364784	0.786995798
chr3R	22518000	22548000	0.786995798	0.76910164
chr3R	22548000	22587000	0.76910164	0.838683684
chr3R	22587000	22626000	0.838683684	0.763459183
chr3R	22626000	22666000	0.763459183	0.766322661
chr3R	22666000	22720000	0.766322661	0.765267596
chr3R	22720000	22752000	0.765267596	0.869203385
chr3R	22752000	22824000	0.869203385	0.797690486
chr3R	22824000	22855000	0.797690486	0.813556502
chr3R	22855000	22884000	0.813556502	0.822191169
chr3R	22886000	23034000	0.828036592	0.807715278
chr3R	23041000	23118000	0.82893734	0.770396567
chr3R	23118000	23157000	0.770396567	0.843663784
chr3R	23157000	23192000	0.843663784	0.698650301
chr3R	23192000	23221000	0.698650301	0.760828232
chr3R	23221000	23280000	0.760828232	0.788453221
chr3R	23290000	23332000	0.81123691	0.838365401
chr3R	23359000	23516000	0.816423541	0.827877238
chr3R	23534000	23726000	0.846151534	0.801017547
chr3R	23726000	23758000	0.801017547	0.698791411
chr3R	23758000	23782000	0.698791411	0.731116805
chr3R	23782000	23821000	0.731116805	0.873105362
chr3R	23821000	23830000	0.873105362	0.708416147
chr3R	23963000	24031000	0.792037128	0.7677935
chr3R	24170000	24219000	0.730650706	0.757187715
chr3R	24230000	24259000	0.74673352	0.738732265
chr3R	24272000	24295000	0.776766374	0.752063774
chr3R	24295000	24319000	0.752063774	0.714698728
chr3R	24319000	24360000	0.714698728	0.811772616
chr3R	24366000	24510000	0.810863908	0.8732817
chr3R	24510000	24543000	0.8732817	0.844332006
chr3R	24626000	24662000	0.807958914	0.898506168
chr3R	24662000	24711000	0.898506168	0.826740816
chr3R	24711000	24794000	0.826740816	0.783252331
chr3R	24794000	24852000	0.783252331	0.7408577
chr3R	24852000	24876000	0.7408577	0.792434244
chr3R	24876000	24918000	0.792434244	0.731293138
chr3R	24918000	24949000	0.731293138	0.773557569
chr3R	24949000	25023000	0.773557569	0.813162948
chr3R	25072000	25097000	0.76125617	0.760258764
chr3R	25097000	25136000	0.760258764	0.830151121
chr3R	25136000	25180000	0.830151121	0.791660558
chr3R	25180000	25193000	0.791660558	0.773526957
chr3R	25193000	25246000	0.773526957	0.77345441
chr3R	25246000	25270000	0.77345441	0.795757531
chr3R	25271000	25472000	0.793153624	0.783392601
chr3R	25509000	25617000	0.76557036	0.7430366
chr3R	25621000	25661000	0.728135493	0.715285598
chr3R	25661000	25694000	0.715285598	0.825352796
chr3R	25694000	25722000	0.825352796	0.682401431
chr3R	25731000	25830000	0.640812565	0.692976185
chr3R	25836000	25903000	0.654038607	0.806667343
chr3R	25903000	25982000	0.806667343	0.898633641
chr3R	25996000	26058000	0.82783551	0.770462194
chr3R	26058000	26106000	0.770462194	0.699323765
chr3R	26112000	26142000	0.682436655	0.769383437
chr3R	26142000	26212000	0.769383437	0.78148376
chr3R	26216000	26267000	0.767374161	0.765618793
chr3R	26267000	26338000	0.765618793	0.814539226
chr3R	26338000	26366000	0.814539226	0.735391996
chr3R	26366000	26375000	0.735391996	0.69905308
chr3R	26389000	26514000	0.73460007	0.590615863
chr3R	26524000	26536000	0.687760829	0.751241444
chr3R	26536000	26564000	0.751241444	0.613259913
chr3R	26569000	26753000	0.670481636	0.888662531
chr3R	26753000	26862000	0.888662531	0.861871407
chr3R	26874000	26916000	0.775608149	0.651881305
chr3R	26916000	26968000	0.651881305	0.786795352
chr3R	26968000	26983000	0.786795352	0.731388119
chr3R	26994000	27005000	0.749679396	0.662083054
chr3R	27019000	27087000	0.65060105	0.749073236
chr3R	27087000	27144000	0.749073236	0.764589311
chr3R	27252000	27282000	0.719384036	0.818938124
chr3R	27309000	27346000	0.79341047	0.790034563
chr3R	27346000	27529000	0.790034563	0.876558859
chr3R	27529000	27581000	0.876558859	0.778489235
chr3R	27607000	27677000	0.752572857	0.781818396
chr3R	27677000	27714000	0.781818396	0.713050924
chr3R	27714000	27761000	0.713050924	0.87667291
chr3R	27880001	27904000	0.787527317	0.845593802
chr3R	27904000	27965000	0.845593802	0.785486378
chr3R	27971000	28011000	0.782946845	0.848967615
chr3R	28011000	28171000	0.848967615	0.823610851
chr3R	28184000	28196000	0.859538186	0.888976828
chr3R	28196000	28244000	0.888976828	0.85589263
chr3R	28346000	28545000	0.896933	0.8161755
chr3R	28545000	28599000	0.8161755	0.742394168
chr3R	28599000	28633000	0.742394168	0.783795591
chr3R	28633000	28672000	0.783795591	0.848682463
chr3R	28677000	28755000	0.794429892	0.705394369
chr3R	28766000	28801000	0.687012515	0.810351047
chr3R	28801000	28844000	0.810351047	0.807134069
chr3R	28861000	28892000	0.739336327	0.762806268
chr3R	28892000	29024000	0.762806268	0.785279853
chr3R	29123000	29158000	0.695898999	0.757671426
chr3R	29158000	29199000	0.757671426	0.842290649
chr3R	29199000	29224000	0.842290649	0.767821179
chr3R	29228000	29250000	0.778464915	0.884010138
chr3R	29250000	29325000	0.884010138	0.878844265
chr3R	29325000	29335000	0.878844265	0.810327777
chr3R	29336000	29489000	0.79288818	0.844590326
chr3R	29489000	29591000	0.844590326	0.757503899
chr3R	29591000	29690000	0.757503899	0.757083087
chr3R	29690000	29723000	0.757083087	0.833108523
chr3R	29758000	29786000	0.634944502	0.648317944
chr3R	29799000	29841000	0.689673448	0.66028219
chr3R	29877000	29881000	0.748499157	0.68962229
chr3R	29886000	29981000	0.66290643	0.823430114
chr3R	29981000	30060000	0.823430114	0.784694452
chr3R	30117000	30152000	0.691836623	0.7068975
chr3R	30152000	30206000	0.7068975	0.70023814
chr3R	30206000	30239000	0.70023814	0.76657133
chr3R	30248000	30286000	0.797341597	0.658499984
chr3R	30286000	30320000	0.658499984	0.515308958
chr3R	30329000	30372000	0.513229446	0.627677935
chr3R	30376000	30470000	0.591570075	0.886266199
chr3R	30470000	30612000	0.886266199	0.857395351
chr3R	30612000	30680000	0.857395351	0.849318816
chr3R	30681000	30789000	0.846623085	0.759610042
chr3R	30808000	30845000	0.848952106	0.733511666
chr3R	30845000	30898000	0.733511666	0.804378988
chr3R	30898000	31060000	0.804378988	0.768444951
chr3R	31060000	31079000	0.768444951	0.657951275
chr3R	31084000	31195000	0.691254158	0.801038723
chr3R	31269000	31275000	0.827556656	0.782067274
chr3R	31281000	31325000	0.735073926	0.698571885
chr3R	31325000	31325000	0.698571885	0.698571885
chr3R	31332000	31371000	0.69539558	0.837257073
chr3R	31463000	31568000	0.759900856	0.780203505
chr3R	31627000	31665000	0.793971551	0.800913131
chr3R	31667000	31729000	0.794765159	0.754089406
chr3R	31748000	31800000	0.733760126	0.746462415
chr3R	31800000	31885000	0.746462415	0.524887988
chr3R	31896000	31946000	0.505048284	0.693996655
chr3R	31946000	31983000	0.693996655	0.65671841
chrX	149000	155000	0.637560982	0.619792416
chrX	161000	202000	0.600095502	0.58596137
chrX	279000	291000	0.720542259	0.680511245
chrX	296000	360000	0.653196147	0.798507995
chrX	362000	429000	0.791942148	0.661243949
chrX	433000	494000	0.659868302	0.694862177
chrX	494000	531000	0.694862177	0.777794807
chrX	531000	617000	0.777794807	0.84839941
chrX	617000	655000	0.84839941	0.871837067
chrX	655000	758000	0.871837067	0.80973084
chrX	758000	797000	0.80973084	0.792452066
chrX	797000	825000	0.792452066	0.658527454
chrX	839000	918000	0.643905837	0.778310179
chrX	918000	949000	0.778310179	0.808192065
chrX	949000	1021000	0.808192065	0.796819095
chrX	1021000	1039000	0.796819095	0.722021697
chrX	1039000	1058000	0.722021697	0.786001539
chrX	1058000	1060000	0.786001539	0.759436016
chrX	1066000	1210000	0.709509791	0.816039004
chrX	1210000	1235000	0.816039004	0.832072129
chrX	1235000	1286000	0.832072129	0.716027833
chrX	1286000	1321000	0.716027833	0.786181644
chrX	1336000	1355000	0.745697117	0.619271176
chrX	1369000	1376000	0.641983574	0.69869622
chrX	1376000	1399000	0.69869622	0.756684924
chrX	1399000	1461000	0.756684924	0.765476217
chrX	1461000	1483000	0.765476217	0.810469934
chrX	1483000	1553000	0.810469934	0.694979172
chrX	1553000	1626000	0.694979172	0.546660433
chrX	1638000	1665000	0.547415462	0.806148821
chrX	1665000	1700000	0.806148821	0.783242895
chrX	1701000	1736000	0.781964746	0.643507465
chrX	1748000	1858000	0.668359136	0.802948827
chrX	1858000	1898000	0.802948827	0.65020624
chrX	1898000	1928000	0.65020624	0.666938823
chrX	1928000	1943000	0.666938823	0.662595277
chrX	1943000	1951000	0.662595277	0.585366958
chrX	1960001	2012000	0.596777039	0.806017149
chrX	2012000	2072000	0.806017149	0.763818139
chrX	2080000	2093000	0.752740384	0.682648004
chrX	2093000	2123000	0.682648004	0.724458493
chrX	2123000	2148000	0.724458493	0.79715478
chrX	2148000	2221000	0.79715478	0.80827426
chrX	2221000	2269000	0.80827426	0.814896713
chrX	2269000	2313000	0.814896713	0.487754631
chrX	2319000	2343000	0.537833083	0.741150819
chrX	2343000	2396000	0.741150819	0.651201549
chrX	2407000	2422000	0.635332389	0.767133668
chrX	2422000	2432000	0.767133668	0.770197168
chrX	2432000	2472000	0.770197168	0.776354367
chrX	2472000	2589000	0.776354367	0.789360049
chrX	2634000	2685000	0.699170706	0.678041532
chrX	2685000	2748000	0.678041532	0.876904811
chrX	2748000	2821000	0.876904811	0.684395192
chrX	2853000	2948000	0.667061273	0.861936193
chrX	2948000	3114000	0.861936193	0.756551781
chrX	3119000	3133000	0.808873078	0.793584083
chrX	3133000	3174000	0.793584083	0.799631833
chrX	3174000	3177000	0.799631833	0.794662837
chrX	3181000	3215000	0.746274757	0.703046263
chrX	3234000	3278000	0.719454486	0.799083542
chrX	3278000	3339000	0.799083542	0.760422099
chrX	3339000	3412000	0.760422099	0.54235128
chrX	3424000	3472000	0.545604531	0.760250797
chrX	3472000	3490000	0.760250797	0.717079123
chrX	3496000	3509000	0.700903217	0.712406605
chrX	3509000	3604000	0.712406605	0.756940302
chrX	3619000	3666000	0.751596207	0.797963897
chrX	3666000	3720000	0.797963897	0.736961593
chrX	3720000	3750000	0.736961593	0.392361674
chrX	3764000	3792000	0.413727569	0.712609357
chrX	3803000	3841000	0.626336668	0.675744585
chrX	3861000	3934000	0.82743252	0.735566652
chrX	3934000	3975000	0.735566652	0.823022094
chrX	3975000	3985000	0.823022094	0.74450325
chrX	3999000	4097000	0.721175046	0.860130924
chrX	4101000	4155000	0.850375569	0.648107226
chrX	4163000	4209000	0.636341326	0.90416225
chrX	4209000	4285000	0.90416225	0.708596045
chrX	4294000	4352000	0.729240879	0.817559327
chrX	4364000	4529000	0.851467313	0.77608578
chrX	4529000	4554000	0.77608578	0.848823783
chrX	4554000	4625000	0.848823783	0.793027825
chrX	4625000	4667000	0.793027825	0.744629889
chrX	4718000	4725000	0.812159041	0.770427179
chrX	4739000	4743000	0.735172261	0.838058229
chrX	4743000	4760000	0.838058229	0.79664192
chrX	4761000	4825000	0.790740314	0.714485703
chrX	4831000	4909000	0.706019189	0.874588575
chrX	4959000	4987000	0.733323592	0.623505902
chrX	5056000	5084000	0.67452598	0.887492991
chrX	5084000	5090000	0.887492991	0.800978967
chrX	5096000	5149000	0.779530047	0.751203284
chrX	5169000	5212000	0.674834196	0.723457105
chrX	5216000	5288000	0.704648989	0.837276581
chrX	5288000	5337000	0.837276581	0.841425331
chrX	5337000	5393000	0.841425331	0.804416524
chrX	5393000	5409000	0.804416524	0.775475846
chrX	5409000	5443000	0.775475846	0.944572565
chrX	5443000	5475000	0.944572565	0.7452155
chrX	5483000	5515000	0.741881523	0.852048741
chrX	5515000	5613000	0.852048741	0.963629346
chrX	5613000	5663000	0.963629346	0.843056162
chrX	5663000	5698000	0.843056162	0.779318485
chrX	5698000	5770000	0.779318485	0.844783423
chrX	5770000	5868000	0.844783423	0.886194289
chrX	5871000	5917000	0.875622257	0.869013425
chrX	5917000	5991000	0.869013425	0.8368304
chrX	5991000	6040000	0.8368304	0.908928282
chrX	6040000	6178000	0.908928282	0.765526957
chrX	6178000	6220000	0.765526957	0.936687053
chrX	6221000	6266000	0.908976297	0.75808322
chrX	6266000	6302000	0.75808322	0.89733284
chrX	6302000	6353000	0.89733284	0.746058797
chrX	6353000	6374000	0.746058797	0.857977815
chrX	6374000	6432000	0.857977815	0.6761503
chrX	6453000	6522000	0.720158561	0.980263788
chrX	6522000	6560000	0.980263788	0.528802125
chrX	6574000	6591000	0.532531963	0.731358766
chrX	6591000	6653000	0.731358766	0.775591378
chrX	6653000	6695000	0.775591378	0.799573964
chrX	6695000	6743000	0.799573964	0.784884205
chrX	6743000	6801000	0.784884205	0.758176104
chrX	6801000	6843000	0.758176104	0.753297689
chrX	6843000	6880000	0.753297689	0.836130098
chrX	6881000	6934000	0.820455722	0.703128665
chrX	6936000	6955000	0.710162706	0.854026349
chrX	6955000	7020000	0.854026349	0.847346657
chrX	7032000	7064000	0.736748148	0.786416476
chrX	7064000	7114000	0.786416476	0.899251548
chrX	7114000	7120000	0.899251548	0.785250291
chrX	7131000	7243000	0.69385974	0.854901726
chrX	7243000	7285000	0.854901726	0.953359437
chrX	7285000	7324000	0.953359437	0.79980229
chrX	7352000	7675000	0.808950867	0.802703929
chrX	7675000	7720000	0.802703929	0.795656046
chrX	7720000	7744000	0.795656046	0.811900726
chrX	7744000	7815000	0.811900726	0.770257765
chrX	7822000	7884000	0.780149204	0.900655715
chrX	7886000	7930000	0.897627641	0.783364089
chrX	7933000	7973000	0.772888085	0.777763776
chrX	7973000	7987000	0.777763776	0.734251387
chrX	7987000	8037000	0.734251387	0.738636865
chrX	8037000	8060000	0.738636865	0.801726235
chrX	8060000	8129000	0.801726235	0.6919857
chrX	8129000	8177000	0.6919857	0.799008895
chrX	8177000	8255000	0.799008895	0.822337732
chrX	8408000	8437000	0.752352491	0.839636421
chrX	8437000	8517000	0.839636421	0.780376694
chrX	8517000	8553000	0.780376694	0.671514265
chrX	8574000	8608000	0.786715051	0.836942989
chrX	8608000	8676000	0.836942989	0.877443672
chrX	8676000	8722000	0.877443672	0.820993528
chrX	8722000	8908000	0.820993528	0.909940569
chrX	8908000	8949000	0.909940569	0.702021601
chrX	8951000	9013000	0.695416127	0.884003014
chrX	9013000	9078000	0.884003014	0.808945837
chrX	9078000	9109000	0.808945837	0.748887888
chrX	9109000	9163000	0.748887888	0.747987352
chrX	9181000	9228000	0.780592448	0.775727868
chrX	9228000	9284000	0.775727868	0.789610396
chrX	9284000	9314000	0.789610396	0.713703211
chrX	9314000	9353000	0.713703211	0.764189467
chrX	9353000	9515000	0.764189467	0.711128242
chrX	9521000	9550000	0.662888403	0.941120543
chrX	9550000	9581000	0.941120543	0.781842084
chrX	9581000	9600000	0.781842084	0.781587963
chrX	9600000	9658000	0.781587963	0.703419688
chrX	9658000	9687000	0.703419688	1
chrX	9685001	9789000	1	0.865595584
chrX	9789000	9796000	0.865595584	0.820740456
chrX	9801000	10087000	0.766960061	0.781640589
chrX	10087000	10090000	0.781640589	0.693860788
chrX	10102000	10140000	0.611383359	0.64871003
chrX	10147000	10209000	0.659195881	0.826269065
chrX	10209000	10265000	0.826269065	0.629119843
chrX	10291000	10354000	0.709028177	0.707979402
chrX	10355000	10365000	0.713357253	0.717801859
chrX	10365000	10394000	0.717801859	0.820966065
chrX	10394000	10454000	0.820966065	0.963906313
chrX	10454000	10481000	0.963906313	0.801508387
chrX	10481000	10521000	0.801508387	0.645069723
chrX	10531000	10589000	0.638933698	0.795370475
chrX	10589000	10602000	0.795370475	0.825622014
chrX	10602000	10699000	0.825622014	0.769809697
chrX	10699000	10744000	0.769809697	0.752316639
chrX	10744000	10767000	0.752316639	0.829407628
chrX	10772000	10819000	0.774503395	0.759711105
chrX	10819000	10844000	0.759711105	0.768006946
chrX	10844000	10877000	0.768006946	0.774737177
chrX	10877000	10922000	0.774737177	0.859158054
chrX	10926000	11108000	0.847625099	0.751074126
chrX	11129000	11155000	0.702595891	0.908810232
chrX	11155000	11184000	0.908810232	0.85308221
chrX	11186000	11319000	0.842769748	0.866847732
chrX	11323000	11339000	0.87583025	0.728286666
chrX	11339000	11370000	0.728286666	0.787918353
chrX	11370000	11451000	0.787918353	0.737068526
chrX	11544000	11561000	0.633227927	0.730455712
chrX	11561000	11584000	0.730455712	0.654348922
chrX	11584000	11587000	0.654348922	0.706469352
chrX	11597000	11622000	0.693254839	0.750354119
chrX	11622000	11631000	0.750354119	0.608369757
chrX	11636000	11684000	0.538231449	0.703955187
chrX	11695000	11725000	0.767200972	0.695475883
chrX	11726000	11738000	0.684728987	0.695009366
chrX	11751000	11791000	0.605133902	0.737812437
chrX	11791000	11818000	0.737812437	0.850373881
chrX	11818000	11889000	0.850373881	0.725820306
chrX	11889000	11923000	0.725820306	0.88014654
chrX	11923000	11990000	0.88014654	0.786358819
chrX	11990000	12004000	0.786358819	0.785739663
chrX	12004000	12039000	0.785739663	0.893641381
chrX	12039000	12203000	0.893641381	0.805847734
chrX	12203000	12342000	0.805847734	0.820724103
chrX	12342000	12456000	0.820724103	0.847327786
chrX	12456000	12571000	0.847327786	0.830106456
chrX	12571000	12653000	0.830106456	0.783808589
chrX	12653000	12715000	0.783808589	0.591051771
chrX	12715000	12761000	0.591051771	0.87551113
chrX	12761000	12795000	0.87551113	0.761033498
chrX	12796000	12878000	0.760177832	0.765970204
chrX	12878000	12921000	0.765970204	0.843997789
chrX	12921000	12928000	0.843997789	0.81203911
chrX	12931000	13065000	0.801639428	0.868007213
chrX	13076000	13127000	0.81024412	0.772046469
chrX	13127000	13138000	0.772046469	0.76992187
chrX	13138000	13183000	0.76992187	0.675222505
chrX	13183000	13211000	0.675222505	0.813804962
chrX	13211000	13259000	0.813804962	0.669815929
chrX	13259000	13284000	0.669815929	0.777925429
chrX	13300000	13334000	0.781083288	0.761678656
chrX	13334000	13373000	0.761678656	0.873096139
chrX	13373000	13412000	0.873096139	0.852009324
chrX	13421000	13564000	0.879671215	0.840334424
chrX	13564000	13605000	0.840334424	0.791836264
chrX	13625000	13719000	0.830319061	0.796715304
chrX	13735000	13762000	0.770049562	0.766275483
chrX	13762000	13783000	0.766275483	0.819128084
chrX	13783000	13817000	0.819128084	0.796247109
chrX	13838000	13847000	0.743595374	0.809939046
chrX	13847000	13986000	0.809939046	0.784071096
chrX	13986000	13996000	0.784071096	0.80389046
chrX	14010001	14032000	0.624427401	0.64635857
chrX	14064000	14084000	0.616910281	0.737585784
chrX	14085001	14102000	0.737585784	0.705711182
chrX	14109000	14164000	0.671572971	0.752332992
chrX	14164000	14200000	0.752332992	0.881860803
chrX	14200000	14260000	0.881860803	0.752638484
chrX	14261000	14279000	0.739555223	0.90933106
chrX	14281000	14309000	0.894525145	0.768092281
chrX	14313000	14502000	0.798265821	0.868476039
chrX	14502000	14553000	0.868476039	0.83727993
chrX	14562000	14566000	0.87698302	0.838464568
chrX	14566000	14618000	0.838464568	0.816835542
chrX	14618000	14811000	0.816835542	0.863579796
chrX	14811000	14825000	0.863579796	0.88834761
chrX	14825000	14840000	0.88834761	0.771308006
chrX	14840000	14944000	0.771308006	0.640903352
chrX	14957000	15021000	0.836494296	0.838764817
chrX	15021000	15030000	0.838764817	0.70482595
chrX	15044000	15092000	0.664428222	0.900460293
chrX	15092000	15139000	0.900460293	0.854412567
chrX	15139000	15170000	0.854412567	0.944273153
chrX	15170000	15280000	0.944273153	0.820563493
chrX	15280000	15319000	0.820563493	0.860347091
chrX	15319000	15350000	0.860347091	0.896619966
chrX	15350000	15445000	0.896619966	0.870682411
chrX	15445000	15492000	0.870682411	0.844758891
chrX	15492000	15568000	0.844758891	0.830772165
chrX	15594000	15704000	0.878953092	0.825169759
chrX	15704000	15751000	0.825169759	0.721735706
chrX	15751000	15762000	0.721735706	0.732127838
chrX	15762000	15795000	0.732127838	0.776775384
chrX	15802000	15835000	0.749263827	0.679650336
chrX	15870000	15886000	0.690771494	0.790449707
chrX	15886000	15909000	0.790449707	0.737930483
chrX	16105000	16226000	0.886407307	0.747413902
chrX	16233000	16236000	0.773308684	0.748458063
chrX	16236000	16274000	0.748458063	0.850717534
chrX	16274000	16332000	0.850717534	0.66545498
chrX	16332000	16335000	0.66545498	0.652548058
chrX	16346000	16385000	0.507055486	0.694153279
chrX	16385000	16422000	0.694153279	0.746015606
chrX	16422000	16453000	0.746015606	0.895838518
chrX	16453000	16534000	0.895838518	0.771625658
chrX	16534000	16555000	0.771625658	0.749179332
chrX	16561000	16586000	0.745138972	0.812858924
chrX	16599000	16638000	0.721232076	0.779040882
chrX	16655000	16684000	0.768355838	0.726893612
chrX	16684000	16720000	0.726893612	0.779877261
chrX	16720000	16752000	0.779877261	0.844829138
chrX	16752000	16784000	0.844829138	0.790193073
chrX	16784000	16813000	0.790193073	0.79770642
chrX	16813000	16933000	0.79770642	0.809295776
chrX	16942000	16968000	0.824374889	0.856450775
chrX	16968000	17056000	0.856450775	0.878224895
chrX	17056000	17118000	0.878224895	0.692277981
chrX	17118000	17160000	0.692277981	0.808505942
chrX	17160000	17181000	0.808505942	0.746156295
chrX	17181000	17222000	0.746156295	0.773813578
chrX	17222000	17253000	0.773813578	0.869191225
chrX	17253000	17284000	0.869191225	0.763985457
chrX	17314000	17579000	0.874234862	0.77023407
chrX	17579000	17629000	0.77023407	0.747159989
chrX	17629000	17659000	0.747159989	0.703140826
chrX	17659000	17683000	0.703140826	0.749669751
chrX	17710000	17746000	0.761513225	0.777808435
chrX	17746000	17820000	0.777808435	0.936665658
chrX	17820000	17860000	0.936665658	0.661629118
chrX	17862000	17894000	0.661354026	0.833657869
chrX	17912000	18055000	0.74699519	0.834871863
chrX	18058000	18163000	0.82753526	0.92942551
chrX	18163000	18219000	0.92942551	0.867539649
chrX	18219000	18232000	0.867539649	0.881219626
chrX	18232000	18316000	0.881219626	0.842290649
chrX	18316000	18360000	0.842290649	0.902919112
chrX	18360000	18409000	0.902919112	0.805986749
chrX	18409000	18428000	0.805986749	0.740498952
chrX	18431000	18475000	0.714526169	0.834910655
chrX	18476000	18509000	0.831777953	0.784552082
chrX	18516000	18534000	0.825300594	0.741085822
chrX	18534000	18568000	0.741085822	0.719857893
chrX	18568000	18635000	0.719857893	0.875896711
chrX	18658000	18705000	0.819796305	0.807293629
chrX	18705000	18773000	0.807293629	0.971146461
chrX	18773000	18798000	0.971146461	0.78904156
chrX	18798000	18830000	0.78904156	0.807683197
chrX	18843000	18864000	0.800878114	0.825056321
chrX	18864000	18893000	0.825056321	0.771756493
chrX	18893000	18963000	0.771756493	0.57061032
chrX	18963000	19056000	0.57061032	0.705638636
chrX	19068000	19147000	0.698683639	0.731899506
chrX	19147000	19178000	0.731899506	0.808901596
chrX	19178000	19250000	0.808901596	0.771642011
chrX	19258000	19277000	0.759440837	0.745501702
chrX	19277000	19329000	0.745501702	0.69814206
chrX	19329000	19348000	0.69814206	0.749350003
chrX	19348000	19395000	0.749350003	0.59641494
chrX	19404000	19438000	0.603637692	0.581514258
chrX	19449000	19475000	0.589975311	0.768400497
chrX	19495000	19531000	0.776642456	0.712636195
chrX	19531000	19560000	0.712636195	0.710546404
chrX	19560000	19596000	0.710546404	0.765316866
chrX	19596000	19637000	0.765316866	0.725332822
chrX	19637000	19663000	0.725332822	0.771341555
chrX	19663000	19693000	0.771341555	0.751399536
chrX	19693000	19749000	0.751399536	0.80076007
chrX	19749000	19792000	0.80076007	0.707410146
chrX	19801000	19848000	0.643086441	0.828007861
chrX	19848000	19866000	0.828007861	0.752293994
chrX	20145000	20170000	0.899533551	0.510605837
chrX	20234000	20257000	0.485441969	0.90320049
chrX	20257000	20293000	0.90320049	0.724294111
chrX	20320000	20387000	0.758329162	0.838275033
chrX	20387000	20433000	0.838275033	0.765203437
chrX	20433000	20467000	0.765203437	0.768627571
chrX	20467000	20512000	0.768627571	0.762781108
chrX	20512000	20534000	0.762781108	0.837619596
chrX	20534000	20629000	0.837619596	0.856888358
chrX	20629000	20760000	0.856888358	0.804065954
chrX	20760000	20808000	0.804065954	0.873015206
chrX	20808000	20835000	0.873015206	0.76876344
chrX	20849000	20950000	0.793785366	0.784591505
chrX	20957000	21021000	0.748982658	0.937333867
chrX	21027000	21054000	0.842812726	0.851895885
chrX	21054000	21107000	0.851895885	0.823981335
chrX	21107000	21141000	0.823981335	0.779254118
chrX	21169000	21280000	0.642953719	0.814401893
chrX	21281000	21313000	0.810579593	0.804002211
chrX	21313000	21346000	0.804002211	0.707710394
chrX	21346000	21391000	0.707710394	0.856781005
chrX	21391000	21456000	0.856781005	0.753851638
chrX	21465000	21526000	0.755172565	0.950482144
chrX	22441000	22487000	0.840826932	0.712579374
chrX	22487000	22552000	0.712579374	0.80468448
chrX	22574000	22615000	0.658307088	0.709653206
chrX	22629000	22640000	0.671418444	0.793372315
chrX	22640000	22680000	0.793372315	0.693735824
chrX	22696000	22820000	0.669840461	0.744130663
chrX	22821000	22861000	0.738508545	0.748812616
