seqnames	start	end	width	strand
1	chr2L	5001	20000	15000	*
2	chr2L	20001	65000	45000	*
3	chr2L	65001	110000	45000	*
4	chr2L	110001	145000	35000	*
5	chr2L	155001	205000	50000	*
6	chr2L	205001	250000	45000	*
7	chr2L	250001	305000	55000	*
8	chr2L	305001	350000	45000	*
9	chr2L	365001	405000	40000	*
10	chr2L	415001	450000	35000	*
11	chr2L	450001	470000	20000	*
12	chr2L	490001	545000	55000	*
13	chr2L	545001	585000	40000	*
14	chr2L	585001	605000	20000	*
15	chr2L	605001	690000	85000	*
16	chr2L	695001	740000	45000	*
17	chr2L	740001	805000	65000	*
18	chr2L	805001	855000	50000	*
19	chr2L	890001	980000	90000	*
20	chr2L	1005001	1050000	45000	*
21	chr2L	1050001	1080000	30000	*
22	chr2L	1080001	1115000	35000	*
23	chr2L	1145001	1190000	45000	*
24	chr2L	1190001	1220000	30000	*
25	chr2L	1225001	1490000	265000	*
26	chr2L	1490001	1615000	125000	*
27	chr2L	1615001	1640000	25000	*
28	chr2L	1640001	1680000	40000	*
29	chr2L	1685001	1705000	20000	*
30	chr2L	1730001	1765000	35000	*
31	chr2L	1775001	1800000	25000	*
32	chr2L	1815001	1860000	45000	*
33	chr2L	1865001	1895000	30000	*
34	chr2L	1900001	1970000	70000	*
35	chr2L	1990001	2055000	65000	*
36	chr2L	2055001	2100000	45000	*
37	chr2L	2120001	2195000	75000	*
38	chr2L	2250001	2295000	45000	*
39	chr2L	2320001	2355000	35000	*
40	chr2L	2355001	2375000	20000	*
41	chr2L	2375001	2415000	40000	*
42	chr2L	2415001	2500000	85000	*
43	chr2L	2500001	2600000	100000	*
44	chr2L	2600001	2720000	120000	*
45	chr2L	2740001	2770000	30000	*
46	chr2L	2770001	2805000	35000	*
47	chr2L	2805001	2855000	50000	*
48	chr2L	2855001	2885000	30000	*
49	chr2L	2885001	2965000	80000	*
50	chr2L	3000001	3030000	30000	*
51	chr2L	3060001	3090000	30000	*
52	chr2L	3090001	3115000	25000	*
53	chr2L	3115001	3140000	25000	*
54	chr2L	3140001	3185000	45000	*
55	chr2L	3185001	3205000	20000	*
56	chr2L	3210001	3255000	45000	*
57	chr2L	3260001	3370000	110000	*
58	chr2L	3370001	3380000	10000	*
59	chr2L	3380001	3450000	70000	*
60	chr2L	3450001	3470000	20000	*
61	chr2L	3470001	3535000	65000	*
62	chr2L	3535001	3630000	95000	*
63	chr2L	3630001	3650000	20000	*
64	chr2L	3655001	3765000	110000	*
65	chr2L	3765001	3785000	20000	*
66	chr2L	3815001	3865000	50000	*
67	chr2L	3890001	4020000	130000	*
68	chr2L	4020001	4065000	45000	*
69	chr2L	4070001	4185000	115000	*
70	chr2L	4185001	4230000	45000	*
71	chr2L	4230001	4335000	105000	*
72	chr2L	4335001	4380000	45000	*
73	chr2L	4380001	4405000	25000	*
74	chr2L	4405001	4440000	35000	*
75	chr2L	4465001	4535000	70000	*
76	chr2L	4545001	4615000	70000	*
77	chr2L	4615001	4665000	50000	*
78	chr2L	4670001	4795000	125000	*
79	chr2L	4810001	4855000	45000	*
80	chr2L	4855001	4890000	35000	*
81	chr2L	4890001	4920000	30000	*
82	chr2L	4925001	4940000	15000	*
83	chr2L	4940001	4965000	25000	*
84	chr2L	4965001	5010000	45000	*
85	chr2L	5010001	5055000	45000	*
86	chr2L	5055001	5095000	40000	*
87	chr2L	5105001	5175000	70000	*
88	chr2L	5180001	5220000	40000	*
89	chr2L	5220001	5270000	50000	*
90	chr2L	5270001	5315000	45000	*
91	chr2L	5325001	5365000	40000	*
92	chr2L	5365001	5515000	150000	*
93	chr2L	5515001	5550000	35000	*
94	chr2L	5550001	5710000	160000	*
95	chr2L	5710001	5825000	115000	*
96	chr2L	5835001	5900000	65000	*
97	chr2L	5900001	5940000	40000	*
98	chr2L	5940001	5980000	40000	*
99	chr2L	5980001	6000000	20000	*
100	chr2L	6000001	6050000	50000	*
101	chr2L	6050001	6070000	20000	*
102	chr2L	6070001	6100000	30000	*
103	chr2L	6100001	6315000	215000	*
104	chr2L	6315001	6340000	25000	*
105	chr2L	6360001	6430000	70000	*
106	chr2L	6445001	6455000	10000	*
107	chr2L	6495001	6525000	30000	*
108	chr2L	6525001	6570000	45000	*
109	chr2L	6570001	6610000	40000	*
110	chr2L	6610001	6645000	35000	*
111	chr2L	6685001	6740000	55000	*
112	chr2L	6740001	6775000	35000	*
113	chr2L	6775001	6800000	25000	*
114	chr2L	6800001	6850000	50000	*
115	chr2L	6850001	6875000	25000	*
116	chr2L	6885001	6900000	15000	*
117	chr2L	6920001	6950000	30000	*
118	chr2L	6970001	7025000	55000	*
119	chr2L	7065001	7180000	115000	*
120	chr2L	7180001	7205000	25000	*
121	chr2L	7215001	7285000	70000	*
122	chr2L	7285001	7345000	60000	*
123	chr2L	7350001	7385000	35000	*
124	chr2L	7385001	7425000	40000	*
125	chr2L	7435001	7495000	60000	*
126	chr2L	7495001	7535000	40000	*
127	chr2L	7535001	7720000	185000	*
128	chr2L	7720001	7730000	10000	*
129	chr2L	7740001	7810000	70000	*
130	chr2L	7810001	7830000	20000	*
131	chr2L	7830001	7880000	50000	*
132	chr2L	7880001	8000000	120000	*
133	chr2L	8000001	8015000	15000	*
134	chr2L	8020001	8040000	20000	*
135	chr2L	8040001	8085000	45000	*
136	chr2L	8085001	8115000	30000	*
137	chr2L	8115001	8130000	15000	*
138	chr2L	8130001	8170000	40000	*
139	chr2L	8170001	8220000	50000	*
140	chr2L	8220001	8255000	35000	*
141	chr2L	8265001	8300000	35000	*
142	chr2L	8300001	8360000	60000	*
143	chr2L	8360001	8415000	55000	*
144	chr2L	8415001	8455000	40000	*
145	chr2L	8460001	8480000	20000	*
146	chr2L	8480001	8535000	55000	*
147	chr2L	8535001	8595000	60000	*
148	chr2L	8600001	8680000	80000	*
149	chr2L	8680001	8725000	45000	*
150	chr2L	8730001	8740000	10000	*
151	chr2L	8740001	8885000	145000	*
152	chr2L	8885001	8950000	65000	*
153	chr2L	8950001	9000000	50000	*
154	chr2L	9005001	9120000	115000	*
155	chr2L	9120001	9170000	50000	*
156	chr2L	9170001	9270000	100000	*
157	chr2L	9270001	9415000	145000	*
158	chr2L	9415001	9445000	30000	*
159	chr2L	9445001	9465000	20000	*
160	chr2L	9465001	9475000	10000	*
161	chr2L	9485001	9530000	45000	*
162	chr2L	9540001	9570000	30000	*
163	chr2L	9570001	9625000	55000	*
164	chr2L	9625001	9695000	70000	*
165	chr2L	9715001	9760000	45000	*
166	chr2L	9760001	9790000	30000	*
167	chr2L	9790001	9885000	95000	*
168	chr2L	9900001	9920000	20000	*
169	chr2L	9920001	9935000	15000	*
170	chr2L	9935001	9970000	35000	*
171	chr2L	9970001	9975000	5000	*
172	chr2L	9980001	10010000	30000	*
173	chr2L	10010001	10055000	45000	*
174	chr2L	10055001	10140000	85000	*
175	chr2L	10165001	10200000	35000	*
176	chr2L	10240001	10265000	25000	*
177	chr2L	10275001	10315000	40000	*
178	chr2L	10315001	10345000	30000	*
179	chr2L	10345001	10365000	20000	*
180	chr2L	10365001	10375000	10000	*
181	chr2L	10440001	10475000	35000	*
182	chr2L	10475001	10520000	45000	*
183	chr2L	10520001	10595000	75000	*
184	chr2L	10600001	10720000	120000	*
185	chr2L	10720001	10770000	50000	*
186	chr2L	10770001	10810000	40000	*
187	chr2L	10810001	10835000	25000	*
188	chr2L	10835001	10865000	30000	*
189	chr2L	10865001	10945000	80000	*
190	chr2L	10955001	11010000	55000	*
191	chr2L	11010001	11085000	75000	*
192	chr2L	11085001	11135000	50000	*
193	chr2L	11135001	11170000	35000	*
194	chr2L	11170001	11270000	100000	*
195	chr2L	11280001	11445000	165000	*
196	chr2L	11455001	11490000	35000	*
197	chr2L	11490001	11525000	35000	*
198	chr2L	11525001	11540000	15000	*
199	chr2L	11545001	11715000	170000	*
200	chr2L	11720001	11785000	65000	*
201	chr2L	11785001	11815000	30000	*
202	chr2L	11815001	11945000	130000	*
203	chr2L	11945001	11995000	50000	*
204	chr2L	12000001	12055000	55000	*
205	chr2L	12055001	12070000	15000	*
206	chr2L	12075001	12095000	20000	*
207	chr2L	12095001	12135000	40000	*
208	chr2L	12135001	12215000	80000	*
209	chr2L	12225001	12245000	20000	*
210	chr2L	12255001	12350000	95000	*
211	chr2L	12355001	12420000	65000	*
212	chr2L	12435001	12455000	20000	*
213	chr2L	12455001	12520000	65000	*
214	chr2L	12520001	12550000	30000	*
215	chr2L	12550001	12560000	10000	*
216	chr2L	12565001	12690000	125000	*
217	chr2L	12690001	12720000	30000	*
218	chr2L	12720001	12860000	140000	*
219	chr2L	12860001	12935000	75000	*
220	chr2L	12940001	12960000	20000	*
221	chr2L	12960001	13005000	45000	*
222	chr2L	13005001	13025000	20000	*
223	chr2L	13025001	13155000	130000	*
224	chr2L	13165001	13215000	50000	*
225	chr2L	13215001	13285000	70000	*
226	chr2L	13285001	13310000	25000	*
227	chr2L	13310001	13355000	45000	*
228	chr2L	13365001	13400000	35000	*
229	chr2L	13400001	13440000	40000	*
230	chr2L	13440001	13450000	10000	*
231	chr2L	13455001	13500000	45000	*
232	chr2L	13500001	13550000	50000	*
233	chr2L	13550001	13560000	10000	*
234	chr2L	13575001	13625000	50000	*
235	chr2L	13680001	13770000	90000	*
236	chr2L	13770001	13840000	70000	*
237	chr2L	13840001	13855000	15000	*
238	chr2L	13860001	13905000	45000	*
239	chr2L	13925001	14000000	75000	*
240	chr2L	14000001	14035000	35000	*
241	chr2L	14035001	14040000	5000	*
242	chr2L	14045001	14160000	115000	*
243	chr2L	14160001	14185000	25000	*
244	chr2L	14185001	14250000	65000	*
245	chr2L	14250001	14280000	30000	*
246	chr2L	14285001	14355000	70000	*
247	chr2L	14365001	14465000	100000	*
248	chr2L	14470001	14590000	120000	*
249	chr2L	14590001	14645000	55000	*
250	chr2L	14650001	14710000	60000	*
251	chr2L	14710001	14735000	25000	*
252	chr2L	14740001	14900000	160000	*
253	chr2L	14905001	14985000	80000	*
254	chr2L	15000001	15035000	35000	*
255	chr2L	15035001	15055000	20000	*
256	chr2L	15055001	15125000	70000	*
257	chr2L	15125001	15250000	125000	*
258	chr2L	15275001	15495000	220000	*
259	chr2L	15505001	15585000	80000	*
260	chr2L	15595001	15655000	60000	*
261	chr2L	15725001	15795000	70000	*
262	chr2L	15800001	16140000	340000	*
263	chr2L	16160001	16255000	95000	*
264	chr2L	16255001	16290000	35000	*
265	chr2L	16290001	16325000	35000	*
266	chr2L	16325001	16350000	25000	*
267	chr2L	16360001	16485000	125000	*
268	chr2L	16485001	16545000	60000	*
269	chr2L	16545001	16575000	30000	*
270	chr2L	16580001	16655000	75000	*
271	chr2L	16655001	16675000	20000	*
272	chr2L	16675001	16720000	45000	*
273	chr2L	16755001	16805000	50000	*
274	chr2L	16805001	16840000	35000	*
275	chr2L	16860001	16880000	20000	*
276	chr2L	16880001	17095000	215000	*
277	chr2L	17100001	17145000	45000	*
278	chr2L	17150001	17385000	235000	*
279	chr2L	17385001	17465000	80000	*
280	chr2L	17470001	17515000	45000	*
281	chr2L	17515001	17735000	220000	*
282	chr2L	17735001	17785000	50000	*
283	chr2L	17785001	17820000	35000	*
284	chr2L	17825001	17995000	170000	*
285	chr2L	17995001	18055000	60000	*
286	chr2L	18060001	18105000	45000	*
287	chr2L	18115001	18150000	35000	*
288	chr2L	18165001	18445000	280000	*
289	chr2L	18445001	18485000	40000	*
290	chr2L	18485001	18515000	30000	*
291	chr2L	18515001	18565000	50000	*
292	chr2L	18590001	18615000	25000	*
293	chr2L	18615001	18665000	50000	*
294	chr2L	18665001	18710000	45000	*
295	chr2L	18710001	18815000	105000	*
296	chr2L	18815001	18860000	45000	*
297	chr2L	18860001	18935000	75000	*
298	chr2L	18945001	18990000	45000	*
299	chr2L	18990001	19010000	20000	*
300	chr2L	19010001	19065000	55000	*
301	chr2L	19065001	19120000	55000	*
302	chr2L	19135001	19165000	30000	*
303	chr2L	19190001	19345000	155000	*
304	chr2L	19365001	19400000	35000	*
305	chr2L	19400001	19425000	25000	*
306	chr2L	19455001	19485000	30000	*
307	chr2L	19485001	19540000	55000	*
308	chr2L	19540001	19580000	40000	*
309	chr2L	19590001	19655000	65000	*
310	chr2L	19675001	19705000	30000	*
311	chr2L	19710001	19725000	15000	*
312	chr2L	19725001	19790000	65000	*
313	chr2L	19805001	19885000	80000	*
314	chr2L	19885001	19960000	75000	*
315	chr2L	19960001	20060000	100000	*
316	chr2L	20120001	20155000	35000	*
317	chr2L	20220001	20275000	55000	*
318	chr2L	20280001	20290000	10000	*
319	chr2L	20290001	20305000	15000	*
320	chr2L	20310001	20340000	30000	*
321	chr2L	20340001	20405000	65000	*
322	chr2L	20410001	20445000	35000	*
323	chr2L	20460001	20630000	170000	*
324	chr2L	20630001	20740000	110000	*
325	chr2L	20745001	20760000	15000	*
326	chr2L	20760001	20795000	35000	*
327	chr2L	20795001	20825000	30000	*
328	chr2L	20825001	20885000	60000	*
329	chr2L	20885001	20925000	40000	*
330	chr2L	20925001	21040000	115000	*
331	chr2L	21050001	21140000	90000	*
332	chr2L	21140001	21180000	40000	*
333	chr2L	21180001	21215000	35000	*
334	chr2L	21235001	21265000	30000	*
335	chr2L	21265001	21350000	85000	*
336	chr2L	21355001	21405000	50000	*
337	chr2L	21570001	21595000	25000	*
338	chr2L	21605001	21655000	50000	*
339	chr2L	21655001	21685000	30000	*
340	chr2L	21685001	21695000	10000	*
341	chr2L	21700001	21755000	55000	*
342	chr2L	21755001	21900000	145000	*
343	chr2L	21900001	21985000	85000	*
344	chr2L	21990001	22115000	125000	*
345	chr2L	22115001	22170000	55000	*
346	chr2L	22170001	22230000	60000	*
347	chr2L	22235001	22265000	30000	*
348	chr2L	22305001	22330000	25000	*
349	chr2L	22335001	22365000	30000	*
350	chr2L	22365001	22375000	10000	*
351	chr2L	22530001	22585000	55000	*
352	chr2L	22625001	22645000	20000	*
353	chr2L	22685001	22750000	65000	*
354	chr2L	22750001	22765000	15000	*
355	chr2L	22920001	22945000	25000	*
356	chr2L	22960001	23045000	85000	*
357	chr2L	23065001	23095000	30000	*
358	chr2L	23160001	23185000	25000	*
seqnames	start	end	width	strand
1	chr2R	490001	510000	20000	*
2	chr2R	545001	565000	20000	*
3	chr2R	620001	645000	25000	*
4	chr2R	960001	980000	20000	*
5	chr2R	1005001	1030000	25000	*
6	chr2R	1080001	1100000	20000	*
7	chr2R	1330001	1380000	50000	*
8	chr2R	1425001	1445000	20000	*
9	chr2R	1645001	1670000	25000	*
10	chr2R	1725001	1745000	20000	*
11	chr2R	1750001	1780000	30000	*
12	chr2R	2510001	2540000	30000	*
13	chr2R	2665001	2695000	30000	*
14	chr2R	2770001	2800000	30000	*
15	chr2R	2860001	2885000	25000	*
16	chr2R	2930001	2975000	45000	*
17	chr2R	3065001	3085000	20000	*
18	chr2R	3090001	3100000	10000	*
19	chr2R	3100001	3140000	40000	*
20	chr2R	3140001	3195000	55000	*
21	chr2R	3545001	3565000	20000	*
22	chr2R	3575001	3595000	20000	*
23	chr2R	3895001	3940000	45000	*
24	chr2R	4000001	4035000	35000	*
25	chr2R	4150001	4175000	25000	*
26	chr2R	4180001	4210000	30000	*
27	chr2R	4230001	4255000	25000	*
28	chr2R	4335001	4355000	20000	*
29	chr2R	4385001	4415000	30000	*
30	chr2R	4500001	4550000	50000	*
31	chr2R	4550001	4570000	20000	*
32	chr2R	4590001	4645000	55000	*
33	chr2R	4685001	4765000	80000	*
34	chr2R	4775001	4805000	30000	*
35	chr2R	4815001	4825000	10000	*
36	chr2R	4825001	4845000	20000	*
37	chr2R	4895001	4925000	30000	*
38	chr2R	4930001	4960000	30000	*
39	chr2R	4965001	4990000	25000	*
40	chr2R	4995001	5045000	50000	*
41	chr2R	5060001	5145000	85000	*
42	chr2R	5145001	5160000	15000	*
43	chr2R	5170001	5230000	60000	*
44	chr2R	5235001	5250000	15000	*
45	chr2R	5250001	5280000	30000	*
46	chr2R	5290001	5340000	50000	*
47	chr2R	5340001	5370000	30000	*
48	chr2R	5370001	5380000	10000	*
49	chr2R	5395001	5555000	160000	*
50	chr2R	5595001	5650000	55000	*
51	chr2R	5650001	5665000	15000	*
52	chr2R	5665001	5700000	35000	*
53	chr2R	5700001	5755000	55000	*
54	chr2R	5755001	5790000	35000	*
55	chr2R	5790001	5905000	115000	*
56	chr2R	5910001	5955000	45000	*
57	chr2R	5955001	5980000	25000	*
58	chr2R	5980001	6020000	40000	*
59	chr2R	6020001	6075000	55000	*
60	chr2R	6085001	6150000	65000	*
61	chr2R	6150001	6215000	65000	*
62	chr2R	6215001	6245000	30000	*
63	chr2R	6245001	6275000	30000	*
64	chr2R	6500001	6580000	80000	*
65	chr2R	6585001	6630000	45000	*
66	chr2R	6630001	6665000	35000	*
67	chr2R	6665001	6760000	95000	*
68	chr2R	6760001	6820000	60000	*
69	chr2R	6820001	6895000	75000	*
70	chr2R	6895001	6955000	60000	*
71	chr2R	6970001	6995000	25000	*
72	chr2R	7005001	7070000	65000	*
73	chr2R	7070001	7140000	70000	*
74	chr2R	7140001	7210000	70000	*
75	chr2R	7215001	7235000	20000	*
76	chr2R	7240001	7285000	45000	*
77	chr2R	7285001	7315000	30000	*
78	chr2R	7315001	7385000	70000	*
79	chr2R	7385001	7405000	20000	*
80	chr2R	7405001	7455000	50000	*
81	chr2R	7475001	7530000	55000	*
82	chr2R	7530001	7565000	35000	*
83	chr2R	7565001	7595000	30000	*
84	chr2R	7595001	7640000	45000	*
85	chr2R	7640001	7665000	25000	*
86	chr2R	7665001	7700000	35000	*
87	chr2R	7700001	7725000	25000	*
88	chr2R	7735001	7785000	50000	*
89	chr2R	7785001	7805000	20000	*
90	chr2R	7805001	7830000	25000	*
91	chr2R	7830001	7880000	50000	*
92	chr2R	7885001	7955000	70000	*
93	chr2R	7955001	7990000	35000	*
94	chr2R	7990001	8015000	25000	*
95	chr2R	8015001	8065000	50000	*
96	chr2R	8065001	8135000	70000	*
97	chr2R	8175001	8250000	75000	*
98	chr2R	8250001	8375000	125000	*
99	chr2R	8380001	8435000	55000	*
100	chr2R	8435001	8600000	165000	*
101	chr2R	8600001	8630000	30000	*
102	chr2R	8630001	8670000	40000	*
103	chr2R	8670001	8715000	45000	*
104	chr2R	8735001	8760000	25000	*
105	chr2R	8760001	8780000	20000	*
106	chr2R	8785001	8890000	105000	*
107	chr2R	8890001	8950000	60000	*
108	chr2R	8950001	9005000	55000	*
109	chr2R	9005001	9065000	60000	*
110	chr2R	9065001	9095000	30000	*
111	chr2R	9095001	9140000	45000	*
112	chr2R	9140001	9190000	50000	*
113	chr2R	9190001	9285000	95000	*
114	chr2R	9295001	9310000	15000	*
115	chr2R	9310001	9355000	45000	*
116	chr2R	9360001	9390000	30000	*
117	chr2R	9390001	9430000	40000	*
118	chr2R	9430001	9445000	15000	*
119	chr2R	9445001	9480000	35000	*
120	chr2R	9490001	9540000	50000	*
121	chr2R	9540001	9555000	15000	*
122	chr2R	9555001	9565000	10000	*
123	chr2R	9595001	9615000	20000	*
124	chr2R	9615001	9695000	80000	*
125	chr2R	9695001	9730000	35000	*
126	chr2R	9735001	9820000	85000	*
127	chr2R	9845001	9875000	30000	*
128	chr2R	9875001	9905000	30000	*
129	chr2R	9905001	9955000	50000	*
130	chr2R	9975001	9990000	15000	*
131	chr2R	9990001	10025000	35000	*
132	chr2R	10025001	10045000	20000	*
133	chr2R	10075001	10100000	25000	*
134	chr2R	10100001	10125000	25000	*
135	chr2R	10125001	10160000	35000	*
136	chr2R	10160001	10180000	20000	*
137	chr2R	10185001	10205000	20000	*
138	chr2R	10205001	10250000	45000	*
139	chr2R	10250001	10415000	165000	*
140	chr2R	10430001	10475000	45000	*
141	chr2R	10475001	10530000	55000	*
142	chr2R	10530001	10565000	35000	*
143	chr2R	10565001	10585000	20000	*
144	chr2R	10595001	10625000	30000	*
145	chr2R	10635001	10660000	25000	*
146	chr2R	10665001	10810000	145000	*
147	chr2R	10825001	10850000	25000	*
148	chr2R	10850001	10875000	25000	*
149	chr2R	10875001	10900000	25000	*
150	chr2R	10900001	10950000	50000	*
151	chr2R	10955001	11010000	55000	*
152	chr2R	11025001	11120000	95000	*
153	chr2R	11125001	11170000	45000	*
154	chr2R	11170001	11205000	35000	*
155	chr2R	11220001	11265000	45000	*
156	chr2R	11265001	11310000	45000	*
157	chr2R	11310001	11350000	40000	*
158	chr2R	11355001	11365000	10000	*
159	chr2R	11365001	11385000	20000	*
160	chr2R	11410001	11450000	40000	*
161	chr2R	11465001	11580000	115000	*
162	chr2R	11580001	11620000	40000	*
163	chr2R	11620001	11650000	30000	*
164	chr2R	11665001	11680000	15000	*
165	chr2R	11680001	11840000	160000	*
166	chr2R	11840001	11890000	50000	*
167	chr2R	11905001	11965000	60000	*
168	chr2R	11965001	11990000	25000	*
169	chr2R	11990001	12025000	35000	*
170	chr2R	12045001	12130000	85000	*
171	chr2R	12130001	12175000	45000	*
172	chr2R	12175001	12205000	30000	*
173	chr2R	12205001	12250000	45000	*
174	chr2R	12250001	12280000	30000	*
175	chr2R	12280001	12320000	40000	*
176	chr2R	12320001	12355000	35000	*
177	chr2R	12355001	12410000	55000	*
178	chr2R	12455001	12510000	55000	*
179	chr2R	12525001	12565000	40000	*
180	chr2R	12590001	12615000	25000	*
181	chr2R	12615001	12670000	55000	*
182	chr2R	12670001	12705000	35000	*
183	chr2R	12715001	12760000	45000	*
184	chr2R	12760001	12790000	30000	*
185	chr2R	12795001	12820000	25000	*
186	chr2R	12825001	12850000	25000	*
187	chr2R	12870001	12915000	45000	*
188	chr2R	12915001	12945000	30000	*
189	chr2R	12945001	13045000	100000	*
190	chr2R	13045001	13110000	65000	*
191	chr2R	13115001	13170000	55000	*
192	chr2R	13170001	13205000	35000	*
193	chr2R	13205001	13245000	40000	*
194	chr2R	13245001	13405000	160000	*
195	chr2R	13415001	13430000	15000	*
196	chr2R	13450001	13485000	35000	*
197	chr2R	13510001	13555000	45000	*
198	chr2R	13555001	13600000	45000	*
199	chr2R	13600001	13730000	130000	*
200	chr2R	13735001	13825000	90000	*
201	chr2R	13825001	13940000	115000	*
202	chr2R	13965001	13995000	30000	*
203	chr2R	13995001	14015000	20000	*
204	chr2R	14020001	14095000	75000	*
205	chr2R	14110001	14140000	30000	*
206	chr2R	14140001	14175000	35000	*
207	chr2R	14175001	14190000	15000	*
208	chr2R	14195001	14215000	20000	*
209	chr2R	14215001	14265000	50000	*
210	chr2R	14265001	14300000	35000	*
211	chr2R	14300001	14335000	35000	*
212	chr2R	14360001	14395000	35000	*
213	chr2R	14400001	14420000	20000	*
214	chr2R	14435001	14470000	35000	*
215	chr2R	14475001	14525000	50000	*
216	chr2R	14525001	14625000	100000	*
217	chr2R	14625001	14745000	120000	*
218	chr2R	14745001	14770000	25000	*
219	chr2R	14770001	14840000	70000	*
220	chr2R	14840001	14890000	50000	*
221	chr2R	14895001	14935000	40000	*
222	chr2R	14935001	14965000	30000	*
223	chr2R	14965001	15000000	35000	*
224	chr2R	15000001	15015000	15000	*
225	chr2R	15020001	15085000	65000	*
226	chr2R	15090001	15120000	30000	*
227	chr2R	15125001	15150000	25000	*
228	chr2R	15150001	15195000	45000	*
229	chr2R	15195001	15215000	20000	*
230	chr2R	15215001	15245000	30000	*
231	chr2R	15255001	15305000	50000	*
232	chr2R	15305001	15340000	35000	*
233	chr2R	15350001	15390000	40000	*
234	chr2R	15390001	15510000	120000	*
235	chr2R	15510001	15530000	20000	*
236	chr2R	15530001	15585000	55000	*
237	chr2R	15585001	15675000	90000	*
238	chr2R	15675001	15730000	55000	*
239	chr2R	15730001	15820000	90000	*
240	chr2R	15820001	15850000	30000	*
241	chr2R	15850001	15930000	80000	*
242	chr2R	15930001	15970000	40000	*
243	chr2R	15975001	15990000	15000	*
244	chr2R	16030001	16095000	65000	*
245	chr2R	16105001	16125000	20000	*
246	chr2R	16140001	16180000	40000	*
247	chr2R	16220001	16350000	130000	*
248	chr2R	16350001	16520000	170000	*
249	chr2R	16545001	16565000	20000	*
250	chr2R	16595001	16800000	205000	*
251	chr2R	16800001	16870000	70000	*
252	chr2R	16870001	17000000	130000	*
253	chr2R	17000001	17060000	60000	*
254	chr2R	17060001	17100000	40000	*
255	chr2R	17100001	17165000	65000	*
256	chr2R	17165001	17390000	225000	*
257	chr2R	17390001	17420000	30000	*
258	chr2R	17470001	17500000	30000	*
259	chr2R	17510001	17535000	25000	*
260	chr2R	17545001	17595000	50000	*
261	chr2R	17595001	17650000	55000	*
262	chr2R	17700001	17720000	20000	*
263	chr2R	17720001	17795000	75000	*
264	chr2R	17795001	17855000	60000	*
265	chr2R	17885001	18080000	195000	*
266	chr2R	18085001	18125000	40000	*
267	chr2R	18125001	18185000	60000	*
268	chr2R	18185001	18350000	165000	*
269	chr2R	18370001	18410000	40000	*
270	chr2R	18410001	18455000	45000	*
271	chr2R	18455001	18490000	35000	*
272	chr2R	18495001	18550000	55000	*
273	chr2R	18550001	18595000	45000	*
274	chr2R	18600001	18610000	10000	*
275	chr2R	18610001	18640000	30000	*
276	chr2R	18665001	18690000	25000	*
277	chr2R	18690001	18805000	115000	*
278	chr2R	18805001	18860000	55000	*
279	chr2R	18860001	18970000	110000	*
280	chr2R	18985001	19145000	160000	*
281	chr2R	19145001	19165000	20000	*
282	chr2R	19165001	19180000	15000	*
283	chr2R	19180001	19230000	50000	*
284	chr2R	19230001	19255000	25000	*
285	chr2R	19255001	19285000	30000	*
286	chr2R	19285001	19315000	30000	*
287	chr2R	19315001	19425000	110000	*
288	chr2R	19470001	19505000	35000	*
289	chr2R	19505001	19610000	105000	*
290	chr2R	19615001	19630000	15000	*
291	chr2R	19630001	19730000	100000	*
292	chr2R	19765001	19915000	150000	*
293	chr2R	19920001	20245000	325000	*
294	chr2R	20280001	20340000	60000	*
295	chr2R	20340001	20370000	30000	*
296	chr2R	20380001	20590000	210000	*
297	chr2R	20590001	20605000	15000	*
298	chr2R	20615001	20675000	60000	*
299	chr2R	20680001	20740000	60000	*
300	chr2R	20745001	20815000	70000	*
301	chr2R	20815001	20885000	70000	*
302	chr2R	20885001	20975000	90000	*
303	chr2R	21000001	21020000	20000	*
304	chr2R	21020001	21060000	40000	*
305	chr2R	21075001	21125000	50000	*
306	chr2R	21125001	21160000	35000	*
307	chr2R	21160001	21185000	25000	*
308	chr2R	21200001	21260000	60000	*
309	chr2R	21260001	21295000	35000	*
310	chr2R	21295001	21350000	55000	*
311	chr2R	21350001	21385000	35000	*
312	chr2R	21385001	21480000	95000	*
313	chr2R	21480001	21495000	15000	*
314	chr2R	21535001	21560000	25000	*
315	chr2R	21570001	21615000	45000	*
316	chr2R	21615001	21660000	45000	*
317	chr2R	21660001	21690000	30000	*
318	chr2R	21690001	21725000	35000	*
319	chr2R	21725001	21740000	15000	*
320	chr2R	21745001	21810000	65000	*
321	chr2R	21815001	22060000	245000	*
322	chr2R	22060001	22120000	60000	*
323	chr2R	22135001	22180000	45000	*
324	chr2R	22180001	22230000	50000	*
325	chr2R	22235001	22290000	55000	*
326	chr2R	22320001	22350000	30000	*
327	chr2R	22355001	22370000	15000	*
328	chr2R	22370001	22410000	40000	*
329	chr2R	22430001	22525000	95000	*
330	chr2R	22530001	22560000	30000	*
331	chr2R	22560001	22580000	20000	*
332	chr2R	22585001	22595000	10000	*
333	chr2R	22595001	22645000	50000	*
334	chr2R	22645001	22670000	25000	*
335	chr2R	22670001	22700000	30000	*
336	chr2R	22700001	22725000	25000	*
337	chr2R	22725001	22745000	20000	*
338	chr2R	22745001	22790000	45000	*
339	chr2R	22790001	22885000	95000	*
340	chr2R	22885001	22940000	55000	*
341	chr2R	22940001	22960000	20000	*
342	chr2R	22965001	23000000	35000	*
343	chr2R	23000001	23045000	45000	*
344	chr2R	23085001	23355000	270000	*
345	chr2R	23355001	23385000	30000	*
346	chr2R	23395001	23435000	40000	*
347	chr2R	23435001	23530000	95000	*
348	chr2R	23565001	23615000	50000	*
349	chr2R	23615001	23655000	40000	*
350	chr2R	23655001	23710000	55000	*
351	chr2R	23710001	23745000	35000	*
352	chr2R	23745001	23840000	95000	*
353	chr2R	23870001	23910000	40000	*
354	chr2R	23910001	23915000	5000	*
355	chr2R	23920001	23940000	20000	*
356	chr2R	23940001	23965000	25000	*
357	chr2R	23980001	24025000	45000	*
358	chr2R	24025001	24070000	45000	*
359	chr2R	24070001	24115000	45000	*
360	chr2R	24115001	24150000	35000	*
361	chr2R	24155001	24180000	25000	*
362	chr2R	24185001	24205000	20000	*
363	chr2R	24205001	24265000	60000	*
364	chr2R	24265001	24305000	40000	*
365	chr2R	24305001	24340000	35000	*
366	chr2R	24340001	24355000	15000	*
367	chr2R	24360001	24375000	15000	*
368	chr2R	24375001	24420000	45000	*
369	chr2R	24420001	24515000	95000	*
370	chr2R	24535001	24560000	25000	*
371	chr2R	24575001	24600000	25000	*
372	chr2R	24600001	24650000	50000	*
373	chr2R	24655001	24690000	35000	*
374	chr2R	24690001	24730000	40000	*
375	chr2R	24795001	24870000	75000	*
376	chr2R	24870001	24940000	70000	*
377	chr2R	24970001	25015000	45000	*
378	chr2R	25015001	25030000	15000	*
379	chr2R	25030001	25075000	45000	*
380	chr2R	25085001	25150000	65000	*
381	chr2R	25155001	25255000	100000	*
seqnames	start	end	width	strand
1	chr3L	20001	110000	90000	*
2	chr3L	125001	175000	50000	*
3	chr3L	175001	200000	25000	*
4	chr3L	200001	225000	25000	*
5	chr3L	225001	270000	45000	*
6	chr3L	295001	330000	35000	*
7	chr3L	365001	405000	40000	*
8	chr3L	410001	430000	20000	*
9	chr3L	430001	505000	75000	*
10	chr3L	505001	540000	35000	*
11	chr3L	540001	605000	65000	*
12	chr3L	605001	650000	45000	*
13	chr3L	650001	675000	25000	*
14	chr3L	675001	710000	35000	*
15	chr3L	710001	750000	40000	*
16	chr3L	750001	825000	75000	*
17	chr3L	835001	860000	25000	*
18	chr3L	865001	925000	60000	*
19	chr3L	930001	1045000	115000	*
20	chr3L	1055001	1155000	100000	*
21	chr3L	1160001	1170000	10000	*
22	chr3L	1200001	1220000	20000	*
23	chr3L	1225001	1245000	20000	*
24	chr3L	1245001	1295000	50000	*
25	chr3L	1295001	1350000	55000	*
26	chr3L	1365001	1425000	60000	*
27	chr3L	1430001	1490000	60000	*
28	chr3L	1490001	1535000	45000	*
29	chr3L	1535001	1570000	35000	*
30	chr3L	1580001	1600000	20000	*
31	chr3L	1600001	1640000	40000	*
32	chr3L	1640001	1670000	30000	*
33	chr3L	1670001	1730000	60000	*
34	chr3L	1740001	1755000	15000	*
35	chr3L	1755001	1795000	40000	*
36	chr3L	1805001	1830000	25000	*
37	chr3L	1830001	1855000	25000	*
38	chr3L	1855001	1885000	30000	*
39	chr3L	1885001	1930000	45000	*
40	chr3L	1940001	1975000	35000	*
41	chr3L	1975001	2065000	90000	*
42	chr3L	2070001	2145000	75000	*
43	chr3L	2145001	2175000	30000	*
44	chr3L	2175001	2225000	50000	*
45	chr3L	2245001	2275000	30000	*
46	chr3L	2275001	2410000	135000	*
47	chr3L	2410001	2450000	40000	*
48	chr3L	2465001	2490000	25000	*
49	chr3L	2490001	2530000	40000	*
50	chr3L	2530001	2555000	25000	*
51	chr3L	2555001	2585000	30000	*
52	chr3L	2600001	2630000	30000	*
53	chr3L	2630001	2750000	120000	*
54	chr3L	2765001	2795000	30000	*
55	chr3L	2795001	2855000	60000	*
56	chr3L	2855001	2895000	40000	*
57	chr3L	2895001	2930000	35000	*
58	chr3L	2935001	3035000	100000	*
59	chr3L	3035001	3065000	30000	*
60	chr3L	3070001	3090000	20000	*
61	chr3L	3090001	3125000	35000	*
62	chr3L	3140001	3195000	55000	*
63	chr3L	3195001	3225000	30000	*
64	chr3L	3270001	3315000	45000	*
65	chr3L	3335001	3375000	40000	*
66	chr3L	3375001	3460000	85000	*
67	chr3L	3460001	3475000	15000	*
68	chr3L	3475001	3575000	100000	*
69	chr3L	3580001	3620000	40000	*
70	chr3L	3620001	3790000	170000	*
71	chr3L	3795001	3815000	20000	*
72	chr3L	3815001	3845000	30000	*
73	chr3L	3845001	3900000	55000	*
74	chr3L	3910001	4060000	150000	*
75	chr3L	4060001	4110000	50000	*
76	chr3L	4135001	4170000	35000	*
77	chr3L	4170001	4220000	50000	*
78	chr3L	4255001	4285000	30000	*
79	chr3L	4285001	4330000	45000	*
80	chr3L	4335001	4365000	30000	*
81	chr3L	4365001	4410000	45000	*
82	chr3L	4410001	4450000	40000	*
83	chr3L	4455001	4530000	75000	*
84	chr3L	4560001	4640000	80000	*
85	chr3L	4640001	4680000	40000	*
86	chr3L	4690001	4800000	110000	*
87	chr3L	4800001	4845000	45000	*
88	chr3L	4845001	5035000	190000	*
89	chr3L	5050001	5105000	55000	*
90	chr3L	5125001	5300000	175000	*
91	chr3L	5305001	5340000	35000	*
92	chr3L	5385001	5455000	70000	*
93	chr3L	5465001	5545000	80000	*
94	chr3L	5545001	5580000	35000	*
95	chr3L	5580001	5610000	30000	*
96	chr3L	5610001	5750000	140000	*
97	chr3L	5750001	5815000	65000	*
98	chr3L	5815001	5870000	55000	*
99	chr3L	5870001	5925000	55000	*
100	chr3L	5925001	5970000	45000	*
101	chr3L	5970001	6065000	95000	*
102	chr3L	6065001	6125000	60000	*
103	chr3L	6125001	6160000	35000	*
104	chr3L	6160001	6190000	30000	*
105	chr3L	6190001	6220000	30000	*
106	chr3L	6230001	6265000	35000	*
107	chr3L	6265001	6340000	75000	*
108	chr3L	6345001	6405000	60000	*
109	chr3L	6430001	6485000	55000	*
110	chr3L	6500001	6550000	50000	*
111	chr3L	6550001	6680000	130000	*
112	chr3L	6680001	6710000	30000	*
113	chr3L	6760001	6890000	130000	*
114	chr3L	6895001	6910000	15000	*
115	chr3L	6910001	6945000	35000	*
116	chr3L	6995001	7130000	135000	*
117	chr3L	7130001	7160000	30000	*
118	chr3L	7160001	7235000	75000	*
119	chr3L	7235001	7255000	20000	*
120	chr3L	7265001	7315000	50000	*
121	chr3L	7315001	7370000	55000	*
122	chr3L	7390001	7510000	120000	*
123	chr3L	7510001	7540000	30000	*
124	chr3L	7540001	7640000	100000	*
125	chr3L	7640001	7655000	15000	*
126	chr3L	7655001	7670000	15000	*
127	chr3L	7690001	7710000	20000	*
128	chr3L	7710001	7740000	30000	*
129	chr3L	7740001	7795000	55000	*
130	chr3L	7800001	7810000	10000	*
131	chr3L	7810001	7870000	60000	*
132	chr3L	7870001	7910000	40000	*
133	chr3L	7910001	7920000	10000	*
134	chr3L	7925001	7940000	15000	*
135	chr3L	7940001	7980000	40000	*
136	chr3L	7980001	8020000	40000	*
137	chr3L	8025001	8060000	35000	*
138	chr3L	8060001	8085000	25000	*
139	chr3L	8085001	8110000	25000	*
140	chr3L	8110001	8160000	50000	*
141	chr3L	8175001	8210000	35000	*
142	chr3L	8210001	8285000	75000	*
143	chr3L	8340001	8360000	20000	*
144	chr3L	8360001	8395000	35000	*
145	chr3L	8405001	8425000	20000	*
146	chr3L	8425001	8440000	15000	*
147	chr3L	8450001	8485000	35000	*
148	chr3L	8505001	8520000	15000	*
149	chr3L	8520001	8610000	90000	*
150	chr3L	8630001	8720000	90000	*
151	chr3L	8720001	8765000	45000	*
152	chr3L	8765001	8810000	45000	*
153	chr3L	8810001	8885000	75000	*
154	chr3L	8885001	8955000	70000	*
155	chr3L	8955001	8995000	40000	*
156	chr3L	8995001	9045000	50000	*
157	chr3L	9060001	9130000	70000	*
158	chr3L	9135001	9270000	135000	*
159	chr3L	9275001	9360000	85000	*
160	chr3L	9360001	9405000	45000	*
161	chr3L	9405001	9430000	25000	*
162	chr3L	9430001	9460000	30000	*
163	chr3L	9460001	9490000	30000	*
164	chr3L	9510001	9535000	25000	*
165	chr3L	9540001	9615000	75000	*
166	chr3L	9615001	9675000	60000	*
167	chr3L	9675001	9695000	20000	*
168	chr3L	9695001	9715000	20000	*
169	chr3L	9745001	9770000	25000	*
170	chr3L	9770001	9830000	60000	*
171	chr3L	9830001	9855000	25000	*
172	chr3L	9855001	9930000	75000	*
173	chr3L	9940001	9950000	10000	*
174	chr3L	9950001	9990000	40000	*
175	chr3L	9990001	10060000	70000	*
176	chr3L	10070001	10245000	175000	*
177	chr3L	10245001	10510000	265000	*
178	chr3L	10515001	10660000	145000	*
179	chr3L	10660001	10670000	10000	*
180	chr3L	10675001	10700000	25000	*
181	chr3L	10700001	10855000	155000	*
182	chr3L	10860001	10900000	40000	*
183	chr3L	10900001	11035000	135000	*
184	chr3L	11070001	11085000	15000	*
185	chr3L	11090001	11125000	35000	*
186	chr3L	11125001	11195000	70000	*
187	chr3L	11215001	11250000	35000	*
188	chr3L	11250001	11265000	15000	*
189	chr3L	11270001	11330000	60000	*
190	chr3L	11335001	11485000	150000	*
191	chr3L	11485001	11500000	15000	*
192	chr3L	11505001	11520000	15000	*
193	chr3L	11520001	11560000	40000	*
194	chr3L	11560001	11565000	5000	*
195	chr3L	11570001	11580000	10000	*
196	chr3L	11580001	11595000	15000	*
197	chr3L	11620001	11655000	35000	*
198	chr3L	11655001	11680000	25000	*
199	chr3L	11680001	11705000	25000	*
200	chr3L	11720001	11735000	15000	*
201	chr3L	11735001	11815000	80000	*
202	chr3L	11815001	11835000	20000	*
203	chr3L	11835001	11990000	155000	*
204	chr3L	12005001	12060000	55000	*
205	chr3L	12060001	12115000	55000	*
206	chr3L	12115001	12140000	25000	*
207	chr3L	12160001	12265000	105000	*
208	chr3L	12265001	12415000	150000	*
209	chr3L	12415001	12470000	55000	*
210	chr3L	12470001	12495000	25000	*
211	chr3L	12495001	12540000	45000	*
212	chr3L	12540001	12645000	105000	*
213	chr3L	12645001	12735000	90000	*
214	chr3L	12735001	12790000	55000	*
215	chr3L	12815001	12835000	20000	*
216	chr3L	12835001	12865000	30000	*
217	chr3L	12865001	12920000	55000	*
218	chr3L	12925001	12975000	50000	*
219	chr3L	12980001	13000000	20000	*
220	chr3L	13050001	13385000	335000	*
221	chr3L	13385001	13415000	30000	*
222	chr3L	13415001	13475000	60000	*
223	chr3L	13475001	13525000	50000	*
224	chr3L	13530001	13570000	40000	*
225	chr3L	13570001	13575000	5000	*
226	chr3L	13580001	13805000	225000	*
227	chr3L	13820001	13830000	10000	*
228	chr3L	13830001	13920000	90000	*
229	chr3L	13920001	13965000	45000	*
230	chr3L	13965001	13995000	30000	*
231	chr3L	14005001	14040000	35000	*
232	chr3L	14055001	14110000	55000	*
233	chr3L	14110001	14190000	80000	*
234	chr3L	14190001	14210000	20000	*
235	chr3L	14210001	14265000	55000	*
236	chr3L	14270001	14410000	140000	*
237	chr3L	14410001	14515000	105000	*
238	chr3L	14515001	14525000	10000	*
239	chr3L	14530001	14565000	35000	*
240	chr3L	14565001	14615000	50000	*
241	chr3L	14625001	14680000	55000	*
242	chr3L	14680001	14755000	75000	*
243	chr3L	14755001	14790000	35000	*
244	chr3L	14790001	14805000	15000	*
245	chr3L	14805001	14825000	20000	*
246	chr3L	14830001	14985000	155000	*
247	chr3L	14985001	15015000	30000	*
248	chr3L	15015001	15065000	50000	*
249	chr3L	15090001	15115000	25000	*
250	chr3L	15115001	15140000	25000	*
251	chr3L	15165001	15270000	105000	*
252	chr3L	15270001	15495000	225000	*
253	chr3L	15515001	15555000	40000	*
254	chr3L	15565001	15590000	25000	*
255	chr3L	15590001	15635000	45000	*
256	chr3L	15635001	15805000	170000	*
257	chr3L	15840001	15930000	90000	*
258	chr3L	15940001	15955000	15000	*
259	chr3L	15955001	16005000	50000	*
260	chr3L	16005001	16055000	50000	*
261	chr3L	16055001	16090000	35000	*
262	chr3L	16090001	16130000	40000	*
263	chr3L	16145001	16230000	85000	*
264	chr3L	16230001	16335000	105000	*
265	chr3L	16335001	16385000	50000	*
266	chr3L	16385001	16410000	25000	*
267	chr3L	16420001	16470000	50000	*
268	chr3L	16470001	16495000	25000	*
269	chr3L	16495001	16560000	65000	*
270	chr3L	16575001	16615000	40000	*
271	chr3L	16615001	16645000	30000	*
272	chr3L	16660001	16710000	50000	*
273	chr3L	16710001	16770000	60000	*
274	chr3L	16780001	16805000	25000	*
275	chr3L	16805001	16840000	35000	*
276	chr3L	16840001	16865000	25000	*
277	chr3L	16865001	16950000	85000	*
278	chr3L	16955001	16975000	20000	*
279	chr3L	16985001	17015000	30000	*
280	chr3L	17015001	17070000	55000	*
281	chr3L	17070001	17085000	15000	*
282	chr3L	17095001	17135000	40000	*
283	chr3L	17140001	17255000	115000	*
284	chr3L	17255001	17350000	95000	*
285	chr3L	17350001	17380000	30000	*
286	chr3L	17380001	17440000	60000	*
287	chr3L	17440001	17475000	35000	*
288	chr3L	17475001	17505000	30000	*
289	chr3L	17505001	17535000	30000	*
290	chr3L	17535001	17560000	25000	*
291	chr3L	17560001	17595000	35000	*
292	chr3L	17595001	17620000	25000	*
293	chr3L	17620001	17670000	50000	*
294	chr3L	17670001	17730000	60000	*
295	chr3L	17735001	17845000	110000	*
296	chr3L	17845001	17865000	20000	*
297	chr3L	17870001	17905000	35000	*
298	chr3L	17915001	17965000	50000	*
299	chr3L	17965001	17990000	25000	*
300	chr3L	17990001	18030000	40000	*
301	chr3L	18030001	18050000	20000	*
302	chr3L	18055001	18105000	50000	*
303	chr3L	18105001	18170000	65000	*
304	chr3L	18170001	18505000	335000	*
305	chr3L	18535001	18610000	75000	*
306	chr3L	18610001	18665000	55000	*
307	chr3L	18665001	18690000	25000	*
308	chr3L	18690001	18740000	50000	*
309	chr3L	18740001	18775000	35000	*
310	chr3L	18780001	18800000	20000	*
311	chr3L	18800001	18820000	20000	*
312	chr3L	18820001	18855000	35000	*
313	chr3L	18855001	18890000	35000	*
314	chr3L	18915001	18995000	80000	*
315	chr3L	18995001	19060000	65000	*
316	chr3L	19060001	19105000	45000	*
317	chr3L	19105001	19120000	15000	*
318	chr3L	19125001	19140000	15000	*
319	chr3L	19140001	19250000	110000	*
320	chr3L	19250001	19295000	45000	*
321	chr3L	19295001	19400000	105000	*
322	chr3L	19405001	19505000	100000	*
323	chr3L	19510001	19585000	75000	*
324	chr3L	19585001	19635000	50000	*
325	chr3L	19635001	19710000	75000	*
326	chr3L	19775001	19820000	45000	*
327	chr3L	19825001	19845000	20000	*
328	chr3L	19845001	19850000	5000	*
329	chr3L	19855001	19870000	15000	*
330	chr3L	19870001	19895000	25000	*
331	chr3L	19930001	20005000	75000	*
332	chr3L	20005001	20040000	35000	*
333	chr3L	20040001	20115000	75000	*
334	chr3L	20120001	20250000	130000	*
335	chr3L	20250001	20295000	45000	*
336	chr3L	20295001	20330000	35000	*
337	chr3L	20340001	20405000	65000	*
338	chr3L	20405001	20475000	70000	*
339	chr3L	20475001	20480000	5000	*
340	chr3L	20485001	20545000	60000	*
341	chr3L	20545001	20710000	165000	*
342	chr3L	20710001	20765000	55000	*
343	chr3L	20765001	20800000	35000	*
344	chr3L	20800001	20910000	110000	*
345	chr3L	20910001	21015000	105000	*
346	chr3L	21065001	21135000	70000	*
347	chr3L	21135001	21170000	35000	*
348	chr3L	21170001	21195000	25000	*
349	chr3L	21205001	21240000	35000	*
350	chr3L	21240001	21245000	5000	*
351	chr3L	21250001	21260000	10000	*
352	chr3L	21260001	21310000	50000	*
353	chr3L	21325001	21350000	25000	*
354	chr3L	21350001	21445000	95000	*
355	chr3L	21445001	21485000	40000	*
356	chr3L	21485001	21540000	55000	*
357	chr3L	21555001	21565000	10000	*
358	chr3L	21575001	21605000	30000	*
359	chr3L	21605001	21645000	40000	*
360	chr3L	21645001	21685000	40000	*
361	chr3L	21685001	21750000	65000	*
362	chr3L	21755001	21825000	70000	*
363	chr3L	21840001	21875000	35000	*
364	chr3L	21875001	21960000	85000	*
365	chr3L	21960001	22055000	95000	*
366	chr3L	22055001	22085000	30000	*
367	chr3L	22085001	22100000	15000	*
368	chr3L	22125001	22255000	130000	*
369	chr3L	22255001	22310000	55000	*
370	chr3L	22310001	22555000	245000	*
371	chr3L	22560001	22620000	60000	*
372	chr3L	22625001	22715000	90000	*
373	chr3L	22715001	22745000	30000	*
374	chr3L	22745001	22805000	60000	*
375	chr3L	22820001	22865000	45000	*
376	chr3L	22895001	22990000	95000	*
377	chr3L	22995001	23075000	80000	*
378	chr3L	23080001	23115000	35000	*
379	chr3L	23140001	23160000	20000	*
380	chr3L	23170001	23190000	20000	*
381	chr3L	23195001	23285000	90000	*
382	chr3L	23295001	23355000	60000	*
383	chr3L	23415001	23425000	10000	*
384	chr3L	23425001	23440000	15000	*
385	chr3L	23445001	23495000	50000	*
386	chr3L	23520001	23540000	20000	*
387	chr3L	23565001	23585000	20000	*
388	chr3L	23590001	23605000	15000	*
389	chr3L	23605001	23620000	15000	*
390	chr3L	23630001	23670000	40000	*
391	chr3L	23675001	23705000	30000	*
392	chr3L	23710001	23735000	25000	*
393	chr3L	23735001	23760000	25000	*
394	chr3L	23840001	23860000	20000	*
395	chr3L	23870001	23895000	25000	*
396	chr3L	23930001	23980000	50000	*
397	chr3L	24025001	24040000	15000	*
398	chr3L	24040001	24045000	5000	*
399	chr3L	24050001	24090000	40000	*
400	chr3L	24150001	24170000	20000	*
401	chr3L	24175001	24200000	25000	*
402	chr3L	24230001	24260000	30000	*
403	chr3L	24260001	24275000	15000	*
404	chr3L	24280001	24305000	25000	*
405	chr3L	24310001	24330000	20000	*
406	chr3L	24360001	24390000	30000	*
407	chr3L	24720001	24770000	50000	*
408	chr3L	24770001	24780000	10000	*
409	chr3L	24890001	24910000	20000	*
410	chr3L	24915001	24940000	25000	*
411	chr3L	25060001	25080000	20000	*
412	chr3L	25105001	25130000	25000	*
413	chr3L	25255001	25275000	20000	*
414	chr3L	25320001	25360000	40000	*
415	chr3L	25440001	25465000	25000	*
416	chr3L	25480001	25520000	40000	*
417	chr3L	25660001	25680000	20000	*
418	chr3L	25750001	25775000	25000	*
419	chr3L	25835001	25855000	20000	*
420	chr3L	25870001	25890000	20000	*
421	chr3L	25995001	26015000	20000	*
422	chr3L	26710001	26730000	20000	*
423	chr3L	27075001	27095000	20000	*
424	chr3L	27130001	27150000	20000	*
425	chr3L	27155001	27180000	25000	*
426	chr3L	27255001	27300000	45000	*
427	chr3L	27320001	27370000	50000	*
seqnames	start	end	width	strand
1	chr3R	865001	885000	20000	*
2	chr3R	890001	910000	20000	*
3	chr3R	1415001	1455000	40000	*
4	chr3R	1835001	1875000	40000	*
5	chr3R	2400001	2420000	20000	*
6	chr3R	3345001	3365000	20000	*
7	chr3R	3505001	3530000	25000	*
8	chr3R	3575001	3600000	25000	*
9	chr3R	3610001	3645000	35000	*
10	chr3R	3730001	3760000	30000	*
11	chr3R	3840001	3870000	30000	*
12	chr3R	4050001	4070000	20000	*
13	chr3R	4075001	4090000	15000	*
14	chr3R	4090001	4105000	15000	*
15	chr3R	4125001	4155000	30000	*
16	chr3R	4160001	4175000	15000	*
17	chr3R	4175001	4195000	20000	*
18	chr3R	4195001	4230000	35000	*
19	chr3R	4245001	4260000	15000	*
20	chr3R	4265001	4305000	40000	*
21	chr3R	4305001	4340000	35000	*
22	chr3R	4340001	4370000	30000	*
23	chr3R	4375001	4440000	65000	*
24	chr3R	4440001	4490000	50000	*
25	chr3R	4490001	4630000	140000	*
26	chr3R	4660001	4715000	55000	*
27	chr3R	4715001	4750000	35000	*
28	chr3R	4750001	4810000	60000	*
29	chr3R	4825001	4890000	65000	*
30	chr3R	4895001	4905000	10000	*
31	chr3R	4905001	4950000	45000	*
32	chr3R	4970001	5005000	35000	*
33	chr3R	5010001	5125000	115000	*
34	chr3R	5125001	5215000	90000	*
35	chr3R	5215001	5260000	45000	*
36	chr3R	5285001	5340000	55000	*
37	chr3R	5375001	5395000	20000	*
38	chr3R	5395001	5445000	50000	*
39	chr3R	5450001	5485000	35000	*
40	chr3R	5485001	5525000	40000	*
41	chr3R	5525001	5550000	25000	*
42	chr3R	5550001	5600000	50000	*
43	chr3R	5625001	5670000	45000	*
44	chr3R	5690001	5730000	40000	*
45	chr3R	5730001	5765000	35000	*
46	chr3R	5765001	5780000	15000	*
47	chr3R	5780001	5985000	205000	*
48	chr3R	5985001	6020000	35000	*
49	chr3R	6025001	6125000	100000	*
50	chr3R	6125001	6160000	35000	*
51	chr3R	6180001	6200000	20000	*
52	chr3R	6200001	6210000	10000	*
53	chr3R	6210001	6340000	130000	*
54	chr3R	6340001	6405000	65000	*
55	chr3R	6405001	6415000	10000	*
56	chr3R	6420001	6465000	45000	*
57	chr3R	6465001	6510000	45000	*
58	chr3R	6515001	6635000	120000	*
59	chr3R	6635001	6665000	30000	*
60	chr3R	6665001	6680000	15000	*
61	chr3R	6680001	6760000	80000	*
62	chr3R	6760001	6780000	20000	*
63	chr3R	6780001	6820000	40000	*
64	chr3R	6820001	6910000	90000	*
65	chr3R	6910001	7075000	165000	*
66	chr3R	7090001	7130000	40000	*
67	chr3R	7130001	7155000	25000	*
68	chr3R	7155001	7190000	35000	*
69	chr3R	7200001	7265000	65000	*
70	chr3R	7265001	7350000	85000	*
71	chr3R	7355001	7560000	205000	*
72	chr3R	7565001	7695000	130000	*
73	chr3R	7710001	7730000	20000	*
74	chr3R	7735001	7780000	45000	*
75	chr3R	7780001	7815000	35000	*
76	chr3R	7815001	7885000	70000	*
77	chr3R	7885001	7925000	40000	*
78	chr3R	7925001	7970000	45000	*
79	chr3R	7980001	8000000	20000	*
80	chr3R	8000001	8045000	45000	*
81	chr3R	8050001	8095000	45000	*
82	chr3R	8100001	8120000	20000	*
83	chr3R	8130001	8235000	105000	*
84	chr3R	8235001	8270000	35000	*
85	chr3R	8270001	8305000	35000	*
86	chr3R	8305001	8405000	100000	*
87	chr3R	8410001	8570000	160000	*
88	chr3R	8575001	8605000	30000	*
89	chr3R	8610001	8630000	20000	*
90	chr3R	8630001	8670000	40000	*
91	chr3R	8670001	8715000	45000	*
92	chr3R	8715001	8745000	30000	*
93	chr3R	8745001	8800000	55000	*
94	chr3R	8820001	8860000	40000	*
95	chr3R	8860001	8900000	40000	*
96	chr3R	8915001	8980000	65000	*
97	chr3R	8980001	9015000	35000	*
98	chr3R	9015001	9055000	40000	*
99	chr3R	9065001	9240000	175000	*
100	chr3R	9260001	9280000	20000	*
101	chr3R	9285001	9305000	20000	*
102	chr3R	9310001	9330000	20000	*
103	chr3R	9330001	9400000	70000	*
104	chr3R	9400001	9500000	100000	*
105	chr3R	9500001	9550000	50000	*
106	chr3R	9550001	9590000	40000	*
107	chr3R	9590001	9630000	40000	*
108	chr3R	9640001	9685000	45000	*
109	chr3R	9700001	9765000	65000	*
110	chr3R	9780001	9810000	30000	*
111	chr3R	9810001	9830000	20000	*
112	chr3R	9865001	10040000	175000	*
113	chr3R	10040001	10080000	40000	*
114	chr3R	10145001	10170000	25000	*
115	chr3R	10190001	10255000	65000	*
116	chr3R	10260001	10310000	50000	*
117	chr3R	10310001	10340000	30000	*
118	chr3R	10350001	10380000	30000	*
119	chr3R	10385001	10415000	30000	*
120	chr3R	10415001	10615000	200000	*
121	chr3R	10615001	10675000	60000	*
122	chr3R	10710001	10805000	95000	*
123	chr3R	10810001	10850000	40000	*
124	chr3R	10900001	10990000	90000	*
125	chr3R	10990001	11000000	10000	*
126	chr3R	11005001	11090000	85000	*
127	chr3R	11095001	11195000	100000	*
128	chr3R	11210001	11250000	40000	*
129	chr3R	11250001	11340000	90000	*
130	chr3R	11340001	11380000	40000	*
131	chr3R	11385001	11405000	20000	*
132	chr3R	11405001	11450000	45000	*
133	chr3R	11450001	11550000	100000	*
134	chr3R	11550001	11620000	70000	*
135	chr3R	11620001	11650000	30000	*
136	chr3R	11695001	11750000	55000	*
137	chr3R	11760001	11780000	20000	*
138	chr3R	11780001	11825000	45000	*
139	chr3R	11825001	11840000	15000	*
140	chr3R	11845001	11875000	30000	*
141	chr3R	11875001	11955000	80000	*
142	chr3R	11960001	11975000	15000	*
143	chr3R	12000001	12215000	215000	*
144	chr3R	12215001	12360000	145000	*
145	chr3R	12360001	12405000	45000	*
146	chr3R	12405001	12425000	20000	*
147	chr3R	12425001	12465000	40000	*
148	chr3R	12510001	12560000	50000	*
149	chr3R	12565001	12615000	50000	*
150	chr3R	12625001	12650000	25000	*
151	chr3R	12665001	12730000	65000	*
152	chr3R	12730001	12920000	190000	*
153	chr3R	12925001	12945000	20000	*
154	chr3R	12945001	12980000	35000	*
155	chr3R	12980001	13015000	35000	*
156	chr3R	13015001	13030000	15000	*
157	chr3R	13030001	13050000	20000	*
158	chr3R	13085001	13255000	170000	*
159	chr3R	13255001	13305000	50000	*
160	chr3R	13305001	13365000	60000	*
161	chr3R	13365001	13380000	15000	*
162	chr3R	13400001	13450000	50000	*
163	chr3R	13450001	13630000	180000	*
164	chr3R	13630001	13685000	55000	*
165	chr3R	13685001	13715000	30000	*
166	chr3R	13715001	13780000	65000	*
167	chr3R	13780001	13840000	60000	*
168	chr3R	13840001	13960000	120000	*
169	chr3R	13975001	14025000	50000	*
170	chr3R	14040001	14090000	50000	*
171	chr3R	14090001	14180000	90000	*
172	chr3R	14200001	14255000	55000	*
173	chr3R	14330001	14390000	60000	*
174	chr3R	14400001	14515000	115000	*
175	chr3R	14515001	14615000	100000	*
176	chr3R	14615001	14655000	40000	*
177	chr3R	14655001	14695000	40000	*
178	chr3R	14695001	14740000	45000	*
179	chr3R	14740001	14820000	80000	*
180	chr3R	14820001	14865000	45000	*
181	chr3R	14865001	14965000	100000	*
182	chr3R	14970001	15070000	100000	*
183	chr3R	15070001	15105000	35000	*
184	chr3R	15110001	15150000	40000	*
185	chr3R	15150001	15195000	45000	*
186	chr3R	15195001	15245000	50000	*
187	chr3R	15245001	15265000	20000	*
188	chr3R	15265001	15290000	25000	*
189	chr3R	15290001	15330000	40000	*
190	chr3R	15330001	15375000	45000	*
191	chr3R	15375001	15410000	35000	*
192	chr3R	15410001	15485000	75000	*
193	chr3R	15500001	15600000	100000	*
194	chr3R	15625001	15680000	55000	*
195	chr3R	15690001	15735000	45000	*
196	chr3R	15740001	15785000	45000	*
197	chr3R	15785001	15905000	120000	*
198	chr3R	15905001	15925000	20000	*
199	chr3R	15935001	15975000	40000	*
200	chr3R	15985001	16040000	55000	*
201	chr3R	16040001	16100000	60000	*
202	chr3R	16100001	16190000	90000	*
203	chr3R	16205001	16260000	55000	*
204	chr3R	16260001	16305000	45000	*
205	chr3R	16305001	16350000	45000	*
206	chr3R	16360001	16435000	75000	*
207	chr3R	16435001	16470000	35000	*
208	chr3R	16505001	16625000	120000	*
209	chr3R	16625001	16655000	30000	*
210	chr3R	16655001	16800000	145000	*
211	chr3R	16800001	16850000	50000	*
212	chr3R	16855001	16970000	115000	*
213	chr3R	16990001	17040000	50000	*
214	chr3R	17040001	17080000	40000	*
215	chr3R	17080001	17120000	40000	*
216	chr3R	17120001	17165000	45000	*
217	chr3R	17165001	17370000	205000	*
218	chr3R	17375001	17510000	135000	*
219	chr3R	17515001	17575000	60000	*
220	chr3R	17580001	17605000	25000	*
221	chr3R	17615001	17665000	50000	*
222	chr3R	17680001	17720000	40000	*
223	chr3R	17720001	17790000	70000	*
224	chr3R	17790001	17815000	25000	*
225	chr3R	17815001	17925000	110000	*
226	chr3R	17930001	18035000	105000	*
227	chr3R	18040001	18050000	10000	*
228	chr3R	18050001	18160000	110000	*
229	chr3R	18160001	18200000	40000	*
230	chr3R	18200001	18245000	45000	*
231	chr3R	18245001	18315000	70000	*
232	chr3R	18315001	18360000	45000	*
233	chr3R	18360001	18400000	40000	*
234	chr3R	18415001	18570000	155000	*
235	chr3R	18570001	18630000	60000	*
236	chr3R	18640001	18680000	40000	*
237	chr3R	18680001	18730000	50000	*
238	chr3R	18730001	18765000	35000	*
239	chr3R	18765001	18810000	45000	*
240	chr3R	18810001	18895000	85000	*
241	chr3R	18905001	18935000	30000	*
242	chr3R	18935001	18980000	45000	*
243	chr3R	18980001	19035000	55000	*
244	chr3R	19045001	19095000	50000	*
245	chr3R	19095001	19150000	55000	*
246	chr3R	19165001	19225000	60000	*
247	chr3R	19225001	19330000	105000	*
248	chr3R	19330001	19445000	115000	*
249	chr3R	19450001	19485000	35000	*
250	chr3R	19485001	19565000	80000	*
251	chr3R	19565001	19645000	80000	*
252	chr3R	19645001	19690000	45000	*
253	chr3R	19690001	19705000	15000	*
254	chr3R	19710001	19730000	20000	*
255	chr3R	19750001	19770000	20000	*
256	chr3R	19770001	19845000	75000	*
257	chr3R	19865001	19905000	40000	*
258	chr3R	19915001	20005000	90000	*
259	chr3R	20005001	20040000	35000	*
260	chr3R	20040001	20110000	70000	*
261	chr3R	20115001	20160000	45000	*
262	chr3R	20165001	20255000	90000	*
263	chr3R	20255001	20265000	10000	*
264	chr3R	20270001	20290000	20000	*
265	chr3R	20290001	20335000	45000	*
266	chr3R	20335001	20530000	195000	*
267	chr3R	20530001	20545000	15000	*
268	chr3R	20545001	20595000	50000	*
269	chr3R	20595001	20620000	25000	*
270	chr3R	20645001	20765000	120000	*
271	chr3R	20765001	20785000	20000	*
272	chr3R	20785001	20830000	45000	*
273	chr3R	20830001	20950000	120000	*
274	chr3R	20950001	21060000	110000	*
275	chr3R	21060001	21095000	35000	*
276	chr3R	21125001	21145000	20000	*
277	chr3R	21150001	21185000	35000	*
278	chr3R	21185001	21235000	50000	*
279	chr3R	21235001	21295000	60000	*
280	chr3R	21295001	21300000	5000	*
281	chr3R	21310001	21350000	40000	*
282	chr3R	21350001	21380000	30000	*
283	chr3R	21380001	21520000	140000	*
284	chr3R	21520001	21570000	50000	*
285	chr3R	21580001	21620000	40000	*
286	chr3R	21620001	21665000	45000	*
287	chr3R	21665001	21780000	115000	*
288	chr3R	21780001	21820000	40000	*
289	chr3R	21820001	21865000	45000	*
290	chr3R	21865001	21895000	30000	*
291	chr3R	21895001	22015000	120000	*
292	chr3R	22015001	22045000	30000	*
293	chr3R	22045001	22095000	50000	*
294	chr3R	22095001	22130000	35000	*
295	chr3R	22130001	22240000	110000	*
296	chr3R	22245001	22355000	110000	*
297	chr3R	22355001	22470000	115000	*
298	chr3R	22470001	22525000	55000	*
299	chr3R	22525001	22550000	25000	*
300	chr3R	22550001	22585000	35000	*
301	chr3R	22585001	22625000	40000	*
302	chr3R	22625001	22670000	45000	*
303	chr3R	22670001	22720000	50000	*
304	chr3R	22720001	22755000	35000	*
305	chr3R	22755001	22810000	55000	*
306	chr3R	22810001	22820000	10000	*
307	chr3R	22825001	22880000	55000	*
308	chr3R	22885001	23040000	155000	*
309	chr3R	23040001	23120000	80000	*
310	chr3R	23120001	23160000	40000	*
311	chr3R	23160001	23190000	30000	*
312	chr3R	23190001	23220000	30000	*
313	chr3R	23220001	23280000	60000	*
314	chr3R	23290001	23335000	45000	*
315	chr3R	23360001	23530000	170000	*
316	chr3R	23530001	23725000	195000	*
317	chr3R	23725001	23780000	55000	*
318	chr3R	23780001	23820000	40000	*
319	chr3R	23820001	23840000	20000	*
320	chr3R	23845001	23890000	45000	*
321	chr3R	23890001	23925000	35000	*
322	chr3R	23960001	23995000	35000	*
323	chr3R	23995001	24030000	35000	*
324	chr3R	24060001	24105000	45000	*
325	chr3R	24105001	24170000	65000	*
326	chr3R	24170001	24220000	50000	*
327	chr3R	24230001	24260000	30000	*
328	chr3R	24270001	24295000	25000	*
329	chr3R	24295001	24320000	25000	*
330	chr3R	24320001	24365000	45000	*
331	chr3R	24365001	24510000	145000	*
332	chr3R	24510001	24545000	35000	*
333	chr3R	24545001	24585000	40000	*
334	chr3R	24585001	24625000	40000	*
335	chr3R	24625001	24665000	40000	*
336	chr3R	24665001	24720000	55000	*
337	chr3R	24720001	24800000	80000	*
338	chr3R	24800001	24870000	70000	*
339	chr3R	24870001	24915000	45000	*
340	chr3R	24915001	24945000	30000	*
341	chr3R	24945001	25025000	80000	*
342	chr3R	25050001	25075000	25000	*
343	chr3R	25075001	25100000	25000	*
344	chr3R	25100001	25135000	35000	*
345	chr3R	25135001	25195000	60000	*
346	chr3R	25205001	25250000	45000	*
347	chr3R	25270001	25470000	200000	*
348	chr3R	25515001	25615000	100000	*
349	chr3R	25625001	25660000	35000	*
350	chr3R	25660001	25690000	30000	*
351	chr3R	25690001	25725000	35000	*
352	chr3R	25735001	25835000	100000	*
353	chr3R	25840001	25900000	60000	*
354	chr3R	25900001	25985000	85000	*
355	chr3R	25985001	26055000	70000	*
356	chr3R	26055001	26105000	50000	*
357	chr3R	26105001	26110000	5000	*
358	chr3R	26120001	26140000	20000	*
359	chr3R	26140001	26215000	75000	*
360	chr3R	26220001	26265000	45000	*
361	chr3R	26265001	26380000	115000	*
362	chr3R	26385001	26455000	70000	*
363	chr3R	26455001	26510000	55000	*
364	chr3R	26520001	26535000	15000	*
365	chr3R	26535001	26560000	25000	*
366	chr3R	26565001	26860000	295000	*
367	chr3R	26880001	26915000	35000	*
368	chr3R	26915001	26960000	45000	*
369	chr3R	26960001	26980000	20000	*
370	chr3R	26990001	27010000	20000	*
371	chr3R	27015001	27085000	70000	*
372	chr3R	27085001	27130000	45000	*
373	chr3R	27130001	27140000	10000	*
374	chr3R	27145001	27230000	85000	*
375	chr3R	27230001	27280000	50000	*
376	chr3R	27300001	27345000	45000	*
377	chr3R	27350001	27525000	175000	*
378	chr3R	27530001	27580000	50000	*
379	chr3R	27580001	27675000	95000	*
380	chr3R	27675001	27710000	35000	*
381	chr3R	27710001	27760000	50000	*
382	chr3R	27760001	27875000	115000	*
383	chr3R	27880001	27900000	20000	*
384	chr3R	27900001	28175000	275000	*
385	chr3R	28180001	28245000	65000	*
386	chr3R	28255001	28350000	95000	*
387	chr3R	28350001	28545000	195000	*
388	chr3R	28545001	28600000	55000	*
389	chr3R	28600001	28635000	35000	*
390	chr3R	28635001	28675000	40000	*
391	chr3R	28675001	28760000	85000	*
392	chr3R	28770001	28805000	35000	*
393	chr3R	28805001	28845000	40000	*
394	chr3R	28845001	28860000	15000	*
395	chr3R	28860001	28890000	30000	*
396	chr3R	28890001	29025000	135000	*
397	chr3R	29040001	29065000	25000	*
398	chr3R	29065001	29095000	30000	*
399	chr3R	29115001	29160000	45000	*
400	chr3R	29160001	29200000	40000	*
401	chr3R	29200001	29220000	20000	*
402	chr3R	29220001	29250000	30000	*
403	chr3R	29250001	29325000	75000	*
404	chr3R	29325001	29490000	165000	*
405	chr3R	29490001	29595000	105000	*
406	chr3R	29595001	29690000	95000	*
407	chr3R	29690001	29725000	35000	*
408	chr3R	29725001	29750000	25000	*
409	chr3R	29750001	29800000	50000	*
410	chr3R	29800001	29840000	40000	*
411	chr3R	29875001	29885000	10000	*
412	chr3R	29890001	29980000	90000	*
413	chr3R	29980001	30015000	35000	*
414	chr3R	30015001	30060000	45000	*
415	chr3R	30060001	30160000	100000	*
416	chr3R	30160001	30210000	50000	*
417	chr3R	30210001	30245000	35000	*
418	chr3R	30245001	30285000	40000	*
419	chr3R	30285001	30320000	35000	*
420	chr3R	30325001	30375000	50000	*
421	chr3R	30380001	30470000	90000	*
422	chr3R	30470001	30615000	145000	*
423	chr3R	30615001	30680000	65000	*
424	chr3R	30685001	30790000	105000	*
425	chr3R	30810001	30900000	90000	*
426	chr3R	30900001	30940000	40000	*
427	chr3R	30940001	31060000	120000	*
428	chr3R	31060001	31075000	15000	*
429	chr3R	31090001	31200000	110000	*
430	chr3R	31220001	31270000	50000	*
431	chr3R	31270001	31280000	10000	*
432	chr3R	31285001	31330000	45000	*
433	chr3R	31335001	31375000	40000	*
434	chr3R	31375001	31405000	30000	*
435	chr3R	31405001	31460000	55000	*
436	chr3R	31460001	31570000	110000	*
437	chr3R	31570001	31610000	40000	*
438	chr3R	31625001	31670000	45000	*
439	chr3R	31670001	31730000	60000	*
440	chr3R	31750001	31800000	50000	*
441	chr3R	31810001	31885000	75000	*
442	chr3R	31900001	31945000	45000	*
443	chr3R	31945001	31980000	35000	*
444	chr3R	32020001	32075000	55000	*
seqnames	start	end	width	strand
1	chrX	120001	150000	30000	*
2	chrX	150001	160000	10000	*
3	chrX	165001	200000	35000	*
4	chrX	240001	280000	40000	*
5	chrX	280001	295000	15000	*
6	chrX	300001	335000	35000	*
7	chrX	335001	365000	30000	*
8	chrX	365001	430000	65000	*
9	chrX	435001	470000	35000	*
10	chrX	470001	495000	25000	*
11	chrX	495001	530000	35000	*
12	chrX	530001	615000	85000	*
13	chrX	615001	655000	40000	*
14	chrX	655001	760000	105000	*
15	chrX	760001	795000	35000	*
16	chrX	795001	830000	35000	*
17	chrX	835001	920000	85000	*
18	chrX	920001	950000	30000	*
19	chrX	950001	1025000	75000	*
20	chrX	1025001	1035000	10000	*
21	chrX	1040001	1055000	15000	*
22	chrX	1055001	1065000	10000	*
23	chrX	1070001	1210000	140000	*
24	chrX	1210001	1235000	25000	*
25	chrX	1235001	1290000	55000	*
26	chrX	1290001	1320000	30000	*
27	chrX	1340001	1360000	20000	*
28	chrX	1365001	1380000	15000	*
29	chrX	1380001	1400000	20000	*
30	chrX	1400001	1460000	60000	*
31	chrX	1460001	1485000	25000	*
32	chrX	1485001	1555000	70000	*
33	chrX	1555001	1630000	75000	*
34	chrX	1635001	1665000	30000	*
35	chrX	1665001	1705000	40000	*
36	chrX	1705001	1740000	35000	*
37	chrX	1745001	1860000	115000	*
38	chrX	1860001	1900000	40000	*
39	chrX	1900001	1925000	25000	*
40	chrX	1925001	1945000	20000	*
41	chrX	1945001	1955000	10000	*
42	chrX	1960001	2010000	50000	*
43	chrX	2010001	2080000	70000	*
44	chrX	2080001	2120000	40000	*
45	chrX	2120001	2150000	30000	*
46	chrX	2150001	2220000	70000	*
47	chrX	2220001	2270000	50000	*
48	chrX	2270001	2300000	30000	*
49	chrX	2300001	2310000	10000	*
50	chrX	2315001	2400000	85000	*
51	chrX	2425001	2445000	20000	*
52	chrX	2445001	2470000	25000	*
53	chrX	2470001	2515000	45000	*
54	chrX	2515001	2565000	50000	*
55	chrX	2565001	2610000	45000	*
56	chrX	2615001	2635000	20000	*
57	chrX	2635001	2685000	50000	*
58	chrX	2685001	2745000	60000	*
59	chrX	2745001	2825000	80000	*
60	chrX	2850001	2950000	100000	*
61	chrX	2950001	3075000	125000	*
62	chrX	3080001	3110000	30000	*
63	chrX	3115001	3135000	20000	*
64	chrX	3135001	3175000	40000	*
65	chrX	3175001	3180000	5000	*
66	chrX	3185001	3220000	35000	*
67	chrX	3230001	3345000	115000	*
68	chrX	3345001	3415000	70000	*
69	chrX	3420001	3475000	55000	*
70	chrX	3475001	3495000	20000	*
71	chrX	3500001	3600000	100000	*
72	chrX	3620001	3665000	45000	*
73	chrX	3665001	3720000	55000	*
74	chrX	3720001	3755000	35000	*
75	chrX	3805001	3840000	35000	*
76	chrX	3860001	3930000	70000	*
77	chrX	3930001	3975000	45000	*
78	chrX	3975001	3990000	15000	*
79	chrX	3995001	4095000	100000	*
80	chrX	4095001	4140000	45000	*
81	chrX	4140001	4160000	20000	*
82	chrX	4165001	4215000	50000	*
83	chrX	4215001	4285000	70000	*
84	chrX	4290001	4305000	15000	*
85	chrX	4305001	4365000	60000	*
86	chrX	4365001	4530000	165000	*
87	chrX	4530001	4555000	25000	*
88	chrX	4555001	4630000	75000	*
89	chrX	4630001	4670000	40000	*
90	chrX	4705001	4730000	25000	*
91	chrX	4735001	4760000	25000	*
92	chrX	4765001	4825000	60000	*
93	chrX	4825001	4830000	5000	*
94	chrX	4835001	4895000	60000	*
95	chrX	4910001	4930000	20000	*
96	chrX	4935001	4960000	25000	*
97	chrX	4960001	4990000	30000	*
98	chrX	4995001	5055000	60000	*
99	chrX	5085001	5095000	10000	*
100	chrX	5100001	5145000	45000	*
101	chrX	5170001	5215000	45000	*
102	chrX	5220001	5290000	70000	*
103	chrX	5300001	5340000	40000	*
104	chrX	5340001	5390000	50000	*
105	chrX	5395001	5410000	15000	*
106	chrX	5410001	5435000	25000	*
107	chrX	5435001	5480000	45000	*
108	chrX	5485001	5515000	30000	*
109	chrX	5515001	5615000	100000	*
110	chrX	5615001	5665000	50000	*
111	chrX	5690001	5745000	55000	*
112	chrX	5770001	5865000	95000	*
113	chrX	5875001	5920000	45000	*
114	chrX	5920001	5965000	45000	*
115	chrX	5965001	5990000	25000	*
116	chrX	5990001	6040000	50000	*
117	chrX	6040001	6095000	55000	*
118	chrX	6095001	6215000	120000	*
119	chrX	6215001	6265000	50000	*
120	chrX	6265001	6280000	15000	*
121	chrX	6300001	6345000	45000	*
122	chrX	6345001	6375000	30000	*
123	chrX	6375001	6430000	55000	*
124	chrX	6450001	6525000	75000	*
125	chrX	6525001	6565000	40000	*
126	chrX	6570001	6590000	20000	*
127	chrX	6600001	6655000	55000	*
128	chrX	6655001	6695000	40000	*
129	chrX	6695001	6745000	50000	*
130	chrX	6745001	6780000	35000	*
131	chrX	6780001	6805000	25000	*
132	chrX	6805001	6845000	40000	*
133	chrX	6845001	6885000	40000	*
134	chrX	6885001	6970000	85000	*
135	chrX	6970001	7015000	45000	*
136	chrX	7015001	7025000	10000	*
137	chrX	7030001	7065000	35000	*
138	chrX	7065001	7115000	50000	*
139	chrX	7115001	7125000	10000	*
140	chrX	7135001	7240000	105000	*
141	chrX	7240001	7285000	45000	*
142	chrX	7285001	7325000	40000	*
143	chrX	7345001	7680000	335000	*
144	chrX	7680001	7720000	40000	*
145	chrX	7720001	7745000	25000	*
146	chrX	7745001	7815000	70000	*
147	chrX	7820001	7890000	70000	*
148	chrX	7890001	7935000	45000	*
149	chrX	7935001	7970000	35000	*
150	chrX	7990001	8040000	50000	*
151	chrX	8040001	8060000	20000	*
152	chrX	8060001	8090000	30000	*
153	chrX	8090001	8115000	25000	*
154	chrX	8130001	8180000	50000	*
155	chrX	8180001	8245000	65000	*
156	chrX	8255001	8280000	25000	*
157	chrX	8280001	8395000	115000	*
158	chrX	8410001	8440000	30000	*
159	chrX	8440001	8490000	50000	*
160	chrX	8490001	8520000	30000	*
161	chrX	8520001	8560000	40000	*
162	chrX	8575001	8610000	35000	*
163	chrX	8610001	8675000	65000	*
164	chrX	8675001	8725000	50000	*
165	chrX	8725001	8835000	110000	*
166	chrX	8835001	8865000	30000	*
167	chrX	8865001	8910000	45000	*
168	chrX	8910001	8950000	40000	*
169	chrX	8955001	9030000	75000	*
170	chrX	9030001	9045000	15000	*
171	chrX	9045001	9080000	35000	*
172	chrX	9090001	9110000	20000	*
173	chrX	9120001	9155000	35000	*
174	chrX	9175001	9230000	55000	*
175	chrX	9230001	9255000	25000	*
176	chrX	9255001	9285000	30000	*
177	chrX	9285001	9315000	30000	*
178	chrX	9315001	9355000	40000	*
179	chrX	9355001	9505000	150000	*
180	chrX	9505001	9520000	15000	*
181	chrX	9525001	9550000	25000	*
182	chrX	9550001	9580000	30000	*
183	chrX	9580001	9600000	20000	*
184	chrX	9600001	9655000	55000	*
185	chrX	9655001	9685000	30000	*
186	chrX	9685001	9800000	115000	*
187	chrX	9805001	9865000	60000	*
188	chrX	9865001	10085000	220000	*
189	chrX	10085001	10095000	10000	*
190	chrX	10105001	10140000	35000	*
191	chrX	10145001	10205000	60000	*
192	chrX	10205001	10260000	55000	*
193	chrX	10260001	10270000	10000	*
194	chrX	10295001	10330000	35000	*
195	chrX	10330001	10350000	20000	*
196	chrX	10355001	10365000	10000	*
197	chrX	10365001	10385000	20000	*
198	chrX	10385001	10410000	25000	*
199	chrX	10410001	10455000	45000	*
200	chrX	10455001	10485000	30000	*
201	chrX	10485001	10525000	40000	*
202	chrX	10530001	10585000	55000	*
203	chrX	10585001	10630000	45000	*
204	chrX	10630001	10710000	80000	*
205	chrX	10710001	10745000	35000	*
206	chrX	10765001	10785000	20000	*
207	chrX	10785001	10830000	45000	*
208	chrX	10830001	10865000	35000	*
209	chrX	10865001	10920000	55000	*
210	chrX	10920001	11080000	160000	*
211	chrX	11080001	11110000	30000	*
212	chrX	11110001	11155000	45000	*
213	chrX	11155001	11185000	30000	*
214	chrX	11190001	11315000	125000	*
215	chrX	11320001	11360000	40000	*
216	chrX	11370001	11460000	90000	*
217	chrX	11460001	11490000	30000	*
218	chrX	11490001	11535000	45000	*
219	chrX	11540001	11560000	20000	*
220	chrX	11560001	11590000	30000	*
221	chrX	11600001	11615000	15000	*
222	chrX	11615001	11635000	20000	*
223	chrX	11640001	11680000	40000	*
224	chrX	11695001	11740000	45000	*
225	chrX	11755001	11790000	35000	*
226	chrX	11820001	11855000	35000	*
227	chrX	11855001	11890000	35000	*
228	chrX	11890001	11920000	30000	*
229	chrX	11920001	11990000	70000	*
230	chrX	12000001	12035000	35000	*
231	chrX	12035001	12195000	160000	*
232	chrX	12195001	12455000	260000	*
233	chrX	12455001	12570000	115000	*
234	chrX	12585001	12610000	25000	*
235	chrX	12610001	12655000	45000	*
236	chrX	12655001	12685000	30000	*
237	chrX	12685001	12715000	30000	*
238	chrX	12715001	12760000	45000	*
239	chrX	12760001	12795000	35000	*
240	chrX	12800001	12890000	90000	*
241	chrX	12890001	12920000	30000	*
242	chrX	12920001	12930000	10000	*
243	chrX	12935001	13070000	135000	*
244	chrX	13080001	13090000	10000	*
245	chrX	13090001	13125000	35000	*
246	chrX	13125001	13180000	55000	*
247	chrX	13185001	13210000	25000	*
248	chrX	13210001	13260000	50000	*
249	chrX	13260001	13300000	40000	*
250	chrX	13300001	13335000	35000	*
251	chrX	13335001	13375000	40000	*
252	chrX	13375001	13415000	40000	*
253	chrX	13425001	13550000	125000	*
254	chrX	13550001	13565000	15000	*
255	chrX	13565001	13605000	40000	*
256	chrX	13625001	13670000	45000	*
257	chrX	13670001	13720000	50000	*
258	chrX	13735001	13755000	20000	*
259	chrX	13765001	13785000	20000	*
260	chrX	13785001	13820000	35000	*
261	chrX	13845001	13880000	35000	*
262	chrX	13880001	14000000	120000	*
263	chrX	14010001	14030000	20000	*
264	chrX	14060001	14105000	45000	*
265	chrX	14110001	14160000	50000	*
266	chrX	14165001	14200000	35000	*
267	chrX	14200001	14245000	45000	*
268	chrX	14245001	14280000	35000	*
269	chrX	14310001	14470000	160000	*
270	chrX	14470001	14505000	35000	*
271	chrX	14505001	14550000	45000	*
272	chrX	14560001	14570000	10000	*
273	chrX	14570001	14820000	250000	*
274	chrX	14825001	14840000	15000	*
275	chrX	14840001	14925000	85000	*
276	chrX	14925001	14940000	15000	*
277	chrX	14955001	15020000	65000	*
278	chrX	15020001	15035000	15000	*
279	chrX	15040001	15060000	20000	*
280	chrX	15060001	15090000	30000	*
281	chrX	15090001	15140000	50000	*
282	chrX	15140001	15175000	35000	*
283	chrX	15175001	15320000	145000	*
284	chrX	15320001	15350000	30000	*
285	chrX	15350001	15440000	90000	*
286	chrX	15440001	15490000	50000	*
287	chrX	15490001	15570000	80000	*
288	chrX	15595001	15655000	60000	*
289	chrX	15655001	15700000	45000	*
290	chrX	15700001	15760000	60000	*
291	chrX	15760001	15795000	35000	*
292	chrX	15805001	15835000	30000	*
293	chrX	15850001	15890000	40000	*
294	chrX	15910001	15945000	35000	*
295	chrX	15945001	16015000	70000	*
296	chrX	16055001	16090000	35000	*
297	chrX	16105001	16225000	120000	*
298	chrX	16230001	16275000	45000	*
299	chrX	16275001	16340000	65000	*
300	chrX	16350001	16385000	35000	*
301	chrX	16385001	16420000	35000	*
302	chrX	16420001	16455000	35000	*
303	chrX	16455001	16545000	90000	*
304	chrX	16555001	16585000	30000	*
305	chrX	16585001	16635000	50000	*
306	chrX	16655001	16685000	30000	*
307	chrX	16685001	16725000	40000	*
308	chrX	16725001	16750000	25000	*
309	chrX	16750001	16785000	35000	*
310	chrX	16810001	16940000	130000	*
311	chrX	16940001	16970000	30000	*
312	chrX	16970001	16990000	20000	*
313	chrX	16995001	17065000	70000	*
314	chrX	17065001	17115000	50000	*
315	chrX	17120001	17150000	30000	*
316	chrX	17180001	17195000	15000	*
317	chrX	17200001	17230000	30000	*
318	chrX	17230001	17285000	55000	*
319	chrX	17305001	17580000	275000	*
320	chrX	17580001	17630000	50000	*
321	chrX	17630001	17660000	30000	*
322	chrX	17660001	17685000	25000	*
323	chrX	17685001	17700000	15000	*
324	chrX	17710001	17745000	35000	*
325	chrX	17755001	17820000	65000	*
326	chrX	17820001	17890000	70000	*
327	chrX	17905001	18060000	155000	*
328	chrX	18060001	18150000	90000	*
329	chrX	18150001	18235000	85000	*
330	chrX	18235001	18320000	85000	*
331	chrX	18320001	18365000	45000	*
332	chrX	18365001	18410000	45000	*
333	chrX	18410001	18430000	20000	*
334	chrX	18435001	18475000	40000	*
335	chrX	18475001	18515000	40000	*
336	chrX	18515001	18570000	55000	*
337	chrX	18570001	18635000	65000	*
338	chrX	18655001	18705000	50000	*
339	chrX	18705001	18775000	70000	*
340	chrX	18775001	18800000	25000	*
341	chrX	18800001	18830000	30000	*
342	chrX	18865001	18895000	30000	*
343	chrX	18895001	18960000	65000	*
344	chrX	18965001	19040000	75000	*
345	chrX	19040001	19060000	20000	*
346	chrX	19065001	19120000	55000	*
347	chrX	19120001	19155000	35000	*
348	chrX	19155001	19175000	20000	*
349	chrX	19175001	19210000	35000	*
350	chrX	19210001	19260000	50000	*
351	chrX	19280001	19325000	45000	*
352	chrX	19325001	19350000	25000	*
353	chrX	19350001	19440000	90000	*
354	chrX	19445001	19480000	35000	*
355	chrX	19495001	19530000	35000	*
356	chrX	19530001	19560000	30000	*
357	chrX	19560001	19580000	20000	*
358	chrX	19580001	19610000	30000	*
359	chrX	19640001	19665000	25000	*
360	chrX	19665001	19700000	35000	*
361	chrX	19700001	19750000	50000	*
362	chrX	19750001	19790000	40000	*
363	chrX	19790001	19795000	5000	*
364	chrX	19805001	19850000	45000	*
365	chrX	19865001	19910000	45000	*
366	chrX	19955001	19995000	40000	*
367	chrX	19995001	20040000	45000	*
368	chrX	20040001	20175000	135000	*
369	chrX	20230001	20260000	30000	*
370	chrX	20260001	20290000	30000	*
371	chrX	20320001	20390000	70000	*
372	chrX	20390001	20435000	45000	*
373	chrX	20435001	20465000	30000	*
374	chrX	20465001	20530000	65000	*
375	chrX	20530001	20625000	95000	*
376	chrX	20625001	20840000	215000	*
377	chrX	20845001	20955000	110000	*
378	chrX	20960001	21020000	60000	*
379	chrX	21030001	21055000	25000	*
380	chrX	21055001	21145000	90000	*
381	chrX	21170001	21315000	145000	*
382	chrX	21315001	21350000	35000	*
383	chrX	21350001	21375000	25000	*
384	chrX	21395001	21430000	35000	*
385	chrX	21430001	21460000	30000	*
386	chrX	21465001	21525000	60000	*
387	chrX	21555001	21590000	35000	*
388	chrX	21590001	21610000	20000	*
389	chrX	22425001	22440000	15000	*
390	chrX	22440001	22480000	40000	*
391	chrX	22490001	22550000	60000	*
392	chrX	22570001	22620000	50000	*
393	chrX	22625001	22685000	60000	*
394	chrX	22690001	22855000	165000	*
395	chrX	22855001	22910000	55000	*
396	chrX	22915001	22940000	25000	*
397	chrX	22980001	23020000	40000	*
398	chrX	23020001	23035000	15000	*
399	chrX	23065001	23075000	10000	*
400	chrX	23075001	23110000	35000	*
